#{"t_start": 1653470172.6610506, "env_id": null}
r,l,t
0.0,2,0.017075
0.0,3,0.029284
0.0,2,0.041773
0.0,2,0.05216
1.0,3,0.068622
0.0,1,0.076607
0.0,3,0.091498
0.0,1,0.100017
0.0,1,0.109673
0.0,2,0.120895
0.0,3,0.136522
0.0,8,0.164087
0.0,2,0.17427
0.0,1,0.182862
0.0,1,0.191895
0.0,1,0.202234
0.0,1,0.210909
0.0,1,0.21887
0.0,1,0.227652
0.0,2,0.241215
0.0,5,0.259985
0.0,1,0.269402
0.0,1,0.277749
0.0,3,0.292794
0.0,1,0.301457
0.0,1,0.309784
0.0,3,0.324741
0.0,3,0.337992
0.0,2,0.351298
0.0,1,0.360623
0.0,1,0.369323
0.0,2,0.379443
0.0,3,0.393373
0.0,2,0.404514
0.0,1,0.416918
2.0,8,0.441689
0.0,3,0.456033
0.0,2,0.467945
0.0,3,0.481484
0.0,3,0.493796
0.0,3,0.509408
0.0,1,0.518387
0.0,1,0.527478
1.0,6,0.550785
0.0,3,0.563505
0.0,4,0.579875
1.0,6,0.600612
1.0,4,0.618508
0.0,1,0.62681
0.0,1,0.634969
0.0,1,0.645576
0.0,1,0.653215
0.0,3,0.665824
0.0,1,0.676853
0.0,1,0.685501
0.0,2,0.695425
0.0,1,0.703806
0.0,1,0.71449
0.0,1,0.723275
0.0,2,0.734616
0.0,4,0.750144
0.0,2,0.76144
0.0,1,0.774416
0.0,3,0.785887
0.0,3,0.800415
2.0,7,0.823454
0.0,1,0.831673
0.0,3,0.846546
1.0,6,0.866319
0.0,2,0.877461
0.0,3,0.890746
0.0,2,0.904182
0.0,1,0.913339
0.0,1,0.921953
0.0,1,0.929317
0.0,3,0.9435
0.0,1,0.952533
1.0,4,0.969359
0.0,1,0.979096
0.0,3,0.994073
0.0,2,1.005745
1.0,7,1.027925
0.0,1,1.038709
1.0,4,1.05226
0.0,1,1.062393
0.0,2,1.071684
2.0,11,1.101728
0.0,4,1.117967
1.0,6,1.139113
0.0,2,1.153324
0.0,3,1.163968
1.0,5,1.181869
0.0,6,1.201846
0.0,2,1.213479
1.0,4,1.230165
2.0,6,1.251404
0.0,1,1.260347
0.0,2,1.26996
0.0,3,1.284671
0.0,1,1.293278
0.0,1,1.302343
0.0,2,1.316111
0.0,2,1.326546
0.0,2,1.339772
0.0,1,1.348573
0.0,1,1.356648
1.0,4,1.373987
2.0,11,1.403169
0.0,2,1.41291
0.0,2,1.42583
1.0,7,1.44868
0.0,1,1.456775
1.0,6,1.479083
1.0,4,1.493104
1.0,4,1.509612
0.0,3,1.524313
0.0,2,1.53509
0.0,2,1.546224
0.0,2,1.55633
0.0,5,1.575408
1.0,5,1.594112
1.0,6,1.616043
2.0,11,1.646124
0.0,5,1.663579
0.0,2,1.677389
0.0,3,1.689502
2.0,12,1.726979
1.0,4,1.743758
1.0,5,1.76159
0.0,1,1.769675
0.0,1,1.778766
0.0,3,1.79236
0.0,1,1.800765
0.0,1,1.810217
0.0,4,1.826711
0.0,6,1.846466
1.0,4,1.86192
1.0,4,1.878686
0.0,10,1.91014
0.0,2,1.919055
1.0,7,1.939815
1.0,6,1.962017
2.0,6,1.982759
0.0,1,1.990653
0.0,3,2.005353
0.0,2,2.015887
0.0,1,2.024967
0.0,1,2.032812
0.0,5,2.051554
0.0,2,2.063703
1.0,7,2.086032
1.0,6,2.105819
0.0,1,2.116781
0.0,3,2.129783
1.0,6,2.150007
0.0,3,2.164669
2.0,8,2.190888
1.0,6,2.212551
0.0,3,2.223257
0.0,4,2.238919
0.0,2,2.251966
0.0,2,2.262234
0.0,4,2.27959
1.0,5,2.297871
0.0,3,2.31111
0.0,1,2.321193
1.0,5,2.3386
1.0,7,2.359796
1.0,5,2.377659
1.0,5,2.396066
1.0,7,2.417941
1.0,5,2.435491
1.0,7,2.461375
0.0,2,2.470917
0.0,2,2.484118
0.0,2,2.493639
0.0,1,2.501671
1.0,11,2.532676
1.0,5,2.551687
1.0,7,2.57503
0.0,1,2.585317
0.0,3,2.59899
1.0,6,2.618097
0.0,3,2.630172
0.0,3,2.643744
0.0,3,2.657675
0.0,4,2.671145
0.0,2,2.683217
1.0,5,2.70292
0.0,2,2.712884
0.0,1,2.721838
0.0,3,2.735315
1.0,4,2.752479
2.0,8,2.777564
0.0,2,2.790192
0.0,1,2.798483
1.0,6,2.819758
1.0,8,2.847253
0.0,2,2.858014
0.0,1,2.866193
0.0,1,2.877672
1.0,4,2.891847
0.0,10,2.920264
0.0,2,2.933014
0.0,3,2.94377
1.0,9,2.973466
0.0,3,2.987935
1.0,11,3.018862
0.0,1,3.028248
1.0,5,3.046788
2.0,7,3.071256
1.0,5,3.089151
0.0,8,3.112
0.0,1,3.120073
2.0,7,3.14425
3.0,11,3.175775
0.0,1,3.18486
0.0,2,3.196086
0.0,1,3.204659
0.0,3,3.216785
0.0,1,3.22745
0.0,1,3.236094
0.0,4,3.252675
0.0,1,3.261691
1.0,10,3.291114
0.0,1,3.299791
1.0,5,3.319009
0.0,5,3.337081
0.0,1,3.346274
1.0,6,3.366372
0.0,3,3.382265
0.0,1,3.391435
1.0,15,3.432462
0.0,1,3.440506
1.0,5,3.45938
1.0,8,3.485344
0.0,2,3.49534
0.0,3,3.510485
0.0,2,3.522035
0.0,4,3.537278
0.0,1,3.545624
0.0,3,3.55972
0.0,3,3.575288
0.0,11,3.607033
0.0,2,3.6186
0.0,3,3.632763
0.0,3,3.644604
0.0,2,3.656584
1.0,11,3.689112
1.0,5,3.708812
0.0,6,3.730654
0.0,1,3.738958
0.0,4,3.756686
0.0,1,3.765213
1.0,6,3.787001
0.0,2,3.796505
1.0,10,3.827385
0.0,10,3.855411
1.0,5,3.874197
1.0,6,3.895431
0.0,3,3.911397
0.0,5,3.928263
0.0,3,3.941436
0.0,6,3.96262
0.0,1,3.971532
1.0,5,3.990676
0.0,1,3.999171
0.0,2,4.009053
2.0,11,4.045274
0.0,3,4.056494
1.0,6,4.07777
0.0,2,4.091599
0.0,3,4.105134
2.0,7,4.130576
0.0,2,4.14198
2.0,5,4.157382
0.0,3,4.171374
0.0,3,4.183916
0.0,1,4.194237
0.0,2,4.204655
1.0,6,4.226923
0.0,3,4.241426
0.0,1,4.250597
1.0,7,4.272225
0.0,4,4.287538
0.0,8,4.313084
2.0,9,4.342311
1.0,4,4.357434
0.0,3,4.372372
0.0,1,4.381272
0.0,3,4.396954
0.0,1,4.405031
0.0,3,4.417522
0.0,3,4.430055
2.0,8,4.456642
0.0,3,4.469543
0.0,2,4.482896
1.0,4,4.499906
0.0,1,4.508719
0.0,1,4.517978
1.0,8,4.544924
0.0,1,4.552519
0.0,1,4.560796
1.0,5,4.580587
1.0,4,4.598178
0.0,1,4.60703
0.0,3,4.623482
1.0,10,4.651381
0.0,1,4.660159
0.0,3,4.672507
0.0,5,4.691219
1.0,5,4.70915
0.0,3,4.723385
1.0,8,4.748998
1.0,5,4.767495
1.0,7,4.791058
1.0,8,4.817134
0.0,2,4.826912
1.0,8,4.853132
0.0,5,4.87095
0.0,1,4.879686
0.0,1,4.888436
1.0,4,4.904676
0.0,1,4.912541
0.0,1,4.921134
0.0,1,4.928761
0.0,5,4.94808
0.0,3,4.963289
0.0,1,4.972077
1.0,7,4.996132
0.0,2,5.005654
0.0,1,5.01374
2.0,7,5.039661
0.0,3,5.051612
0.0,1,5.060404
0.0,3,5.073662
0.0,2,5.083845
0.0,1,5.09418
0.0,1,5.102864
1.0,7,5.12355
1.0,5,5.142992
3.0,12,5.178956
1.0,4,5.193986
0.0,3,5.208921
0.0,2,5.219347
0.0,2,5.230824
1.0,4,5.24755
0.0,3,5.26086
0.0,1,5.27007
0.0,4,5.28573
0.0,1,5.293879
0.0,3,5.307675
0.0,3,5.322035
0.0,2,5.332175
0.0,2,5.342542
1.0,7,5.367251
0.0,3,5.379487
1.0,7,5.403153
0.0,3,5.414659
1.0,7,5.439204
1.0,4,5.456227
0.0,2,5.466079
0.0,1,5.474378
0.0,1,5.482708
0.0,3,5.497069
1.0,5,5.516471
0.0,3,5.53105
0.0,1,5.539551
0.0,5,5.555691
0.0,5,5.573848
2.0,8,5.599055
0.0,2,5.612805
0.0,1,5.621847
0.0,2,5.631735
0.0,3,5.644331
0.0,1,5.652641
0.0,9,5.679921
1.0,9,5.707138
1.0,5,5.726814
0.0,3,5.739565
0.0,2,5.751937
0.0,2,5.760915
0.0,1,5.769702
0.0,5,5.78735
0.0,1,5.798554
0.0,2,5.807778
1.0,5,5.825135
0.0,1,5.834467
2.0,11,5.86758
0.0,3,5.881027
0.0,6,5.901247
0.0,1,5.909568
1.0,4,5.927066
0.0,1,5.93504
0.0,3,5.950425
1.0,7,5.971333
0.0,3,5.985968
0.0,2,5.996581
1.0,8,6.0236
0.0,2,6.033433
1.0,4,6.050693
0.0,1,6.058953
2.0,11,6.093108
0.0,3,6.105734
2.0,8,6.131714
0.0,2,6.141047
0.0,3,6.15643
0.0,3,6.166649
0.0,2,6.177559
0.0,3,6.190581
1.0,5,6.209295
1.0,4,6.224282
0.0,2,6.236372
0.0,1,6.244218
0.0,2,6.254993
0.0,10,6.285125
1.0,5,6.305202
0.0,4,6.321986
2.0,10,6.352869
1.0,3,6.367968
1.0,7,6.388883
0.0,3,6.403143
2.0,12,6.436506
0.0,3,6.451865
2.0,10,6.481183
1.0,7,6.502743
0.0,1,6.511089
0.0,1,6.51977
0.0,1,6.530214
0.0,1,6.539488
1.0,9,6.567044
1.0,6,6.58656
0.0,1,6.594956
1.0,4,6.612844
0.0,2,6.623358
0.0,2,6.635098
0.0,1,6.644021
0.0,2,6.65376
0.0,1,6.661956
0.0,2,6.675204
1.0,5,6.694974
2.0,8,6.71923
0.0,7,6.742958
1.0,6,6.762784
0.0,2,6.772269
0.0,5,6.790399
0.0,1,6.801123
0.0,4,6.812669
2.0,9,6.83978
0.0,3,6.852635
0.0,1,6.861115
0.0,1,6.869443
1.0,8,6.896483
1.0,4,6.913663
0.0,5,6.932839
0.0,3,6.94427
0.0,6,6.963657
0.0,3,6.977473
0.0,3,6.991957
0.0,3,7.003393
1.0,7,7.027544
2.0,6,7.047091
1.0,7,7.068615
1.0,9,7.096231
0.0,1,7.105231
0.0,1,7.113364
1.0,8,7.140143
2.0,8,7.166896
0.0,2,7.176054
0.0,6,7.195829
0.0,3,7.211472
2.0,7,7.231469
0.0,3,7.246059
1.0,6,7.265521
1.0,5,7.285042
0.0,1,7.294112
0.0,3,7.308242
1.0,8,7.330981
1.0,6,7.353562
0.0,5,7.37028
1.0,5,7.38777
1.0,7,7.409302
1.0,10,7.438229
1.0,6,7.457327
0.0,3,7.471199
0.0,2,7.480667
1.0,6,7.500786
0.0,1,7.512076
1.0,4,7.526714
1.0,7,7.550747
1.0,8,7.574187
0.0,2,7.586084
1.0,6,7.607437
1.0,7,7.627589
0.0,1,7.637503
0.0,3,7.649513
0.0,3,7.664718
2.0,15,7.703637
0.0,3,7.714978
0.0,1,7.726225
0.0,2,7.735868
0.0,3,7.751574
0.0,3,7.762363
0.0,1,7.770258
0.0,2,7.782979
1.0,4,7.800203
2.0,8,7.826408
0.0,1,7.834668
1.0,7,7.85877
0.0,1,7.867379
0.0,2,7.877043
1.0,4,7.892532
1.0,4,7.907672
1.0,5,7.925238
1.0,7,7.946165
1.0,9,7.972845
1.0,9,8.002142
0.0,2,8.011098
0.0,1,8.022313
0.0,1,8.030604
0.0,7,8.050837
0.0,3,8.06426
0.0,3,8.075594
0.0,2,8.086962
1.0,8,8.108766
1.0,8,8.135929
0.0,1,8.145326
0.0,4,8.160275
0.0,1,8.169172
0.0,3,8.183996
0.0,6,8.204622
1.0,5,8.223396
0.0,1,8.232806
2.0,9,8.26065
0.0,6,8.281819
0.0,2,8.293492
1.0,5,8.312117
1.0,8,8.333981
0.0,3,8.348146
1.0,5,8.367352
2.0,6,8.388439
0.0,3,8.402507
2.0,9,8.429592
2.0,8,8.457219
0.0,6,8.475426
0.0,2,8.487715
2.0,9,8.515527
0.0,1,8.525879
0.0,2,8.535372
0.0,2,8.545062
1.0,11,8.577599
0.0,1,8.586897
1.0,6,8.607662
1.0,4,8.624343
0.0,2,8.633882
0.0,6,8.652692
0.0,1,8.663048
0.0,2,8.673116
0.0,2,8.68383
1.0,3,8.698698
0.0,3,8.711995
1.0,5,8.72975
0.0,7,8.751512
1.0,4,8.768348
0.0,1,8.776329
0.0,2,8.785198
1.0,3,8.80066
1.0,8,8.826139
1.0,6,8.846109
2.0,10,8.875665
0.0,1,8.884179
0.0,4,8.899808
0.0,1,8.907709
0.0,1,8.916832
0.0,3,8.929763
0.0,3,8.941525
1.0,5,8.95972
0.0,1,8.97129
0.0,3,8.984659
0.0,5,9.00341
1.0,9,9.030361
1.0,6,9.048822
1.0,5,9.067136
0.0,2,9.079467
1.0,3,9.092426
1.0,5,9.112074
0.0,4,9.127128
1.0,8,9.154206
0.0,1,9.162933
2.0,9,9.189902
0.0,2,9.199909
0.0,1,9.207921
0.0,3,9.223062
1.0,6,9.243028
0.0,4,9.259791
0.0,2,9.269439
0.0,1,9.278339
1.0,3,9.293146
0.0,2,9.302954
0.0,1,9.313976
1.0,6,9.333295
0.0,3,9.346211
0.0,1,9.358092
1.0,4,9.371926
0.0,2,9.384865
0.0,4,9.401137
1.0,5,9.418985
0.0,1,9.426839
1.0,7,9.449161
1.0,5,9.46865
0.0,3,9.482173
0.0,3,9.494293
0.0,3,9.50905
1.0,3,9.524183
2.0,11,9.554607
0.0,3,9.565153
0.0,2,9.576965
0.0,1,9.585253
1.0,8,9.614116
2.0,8,9.638618
0.0,1,9.647363
2.0,6,9.668819
0.0,3,9.682018
1.0,6,9.701982
0.0,2,9.713037
1.0,6,9.731301
0.0,2,9.740753
0.0,3,9.75531
0.0,2,9.76495
0.0,1,9.776076
1.0,4,9.789706
0.0,3,9.804586
1.0,7,9.827348
0.0,2,9.838922
1.0,8,9.860693
0.0,3,9.872512
0.0,3,9.886935
1.0,5,9.90618
2.0,7,9.927494
2.0,7,9.950137
0.0,2,9.962178
2.0,8,9.987859
0.0,3,10.000999
0.0,5,10.01708
1.0,7,10.040142
1.0,4,10.056752
0.0,1,10.065114
1.0,5,10.08249
1.0,6,10.105405
0.0,2,10.114987
1.0,5,10.134453
0.0,1,10.143249
1.0,10,10.169236
1.0,4,10.186437
0.0,3,10.201985
1.0,5,10.221437
1.0,5,10.239761
1.0,5,10.258284
0.0,2,10.268267
0.0,3,10.283673
0.0,2,10.293595
1.0,3,10.307167
1.0,4,10.321825
0.0,3,10.336921
0.0,3,10.351373
1.0,4,10.363456
1.0,7,10.387883
0.0,1,10.396247
0.0,1,10.405483
1.0,5,10.425014
0.0,5,10.444589
0.0,3,10.458058
0.0,2,10.467405
1.0,4,10.484321
1.0,5,10.503182
0.0,3,10.518262
0.0,1,10.527143
3.0,10,10.556009
0.0,3,10.569161
0.0,4,10.584534
0.0,3,10.600364
1.0,5,10.620221
3.0,10,10.647743
0.0,3,10.659633
1.0,5,10.678919
0.0,2,10.69172
2.0,7,10.714304
0.0,3,10.7298
2.0,11,10.757073
0.0,3,10.771638
0.0,2,10.781718
1.0,6,10.802944
1.0,4,10.820902
1.0,5,10.83936
0.0,1,10.848741
0.0,1,10.85702
1.0,5,10.875998
1.0,5,10.895173
0.0,3,10.908882
0.0,2,10.917903
1.0,6,10.941539
0.0,3,10.954427
2.0,8,10.982483
0.0,3,10.994895
0.0,3,11.007928
0.0,2,11.01736
0.0,1,11.027991
1.0,3,11.040701
0.0,1,11.048716
0.0,3,11.06172
2.0,8,11.08994
0.0,3,11.10131
2.0,6,11.119352
1.0,8,11.145776
2.0,9,11.17305
0.0,1,11.180573
0.0,1,11.188963
0.0,3,11.204619
0.0,2,11.215554
0.0,1,11.223626
0.0,5,11.242488
0.0,3,11.255965
0.0,3,11.271632
0.0,3,11.284158
0.0,2,11.295753
1.0,6,11.315921
1.0,5,11.334198
2.0,10,11.365247
1.0,8,11.388841
1.0,9,11.416715
0.0,4,11.43448
0.0,2,11.444837
0.0,1,11.455804
0.0,3,11.466357
1.0,11,11.496412
1.0,5,11.515841
2.0,7,11.541316
1.0,6,11.561658
1.0,5,11.580517
0.0,1,11.588854
0.0,1,11.59755
0.0,2,11.609287
0.0,1,11.617656
1.0,4,11.634006
1.0,4,11.651246
0.0,1,11.659433
0.0,3,11.67081
0.0,3,11.684133
0.0,3,11.699604
1.0,7,11.723236
1.0,6,11.745502
0.0,3,11.758326
2.0,7,11.780955
0.0,1,11.789244
0.0,1,11.799604
1.0,3,11.812005
0.0,6,11.83175
0.0,3,11.845371
1.0,6,11.865807
1.0,11,11.898439
1.0,5,11.917537
1.0,4,11.93451
0.0,2,11.94733
1.0,6,11.969207
0.0,3,11.983021
0.0,1,11.994627
0.0,3,12.007399
1.0,6,12.028672
1.0,3,12.044203
1.0,4,12.060917
1.0,7,12.084701
1.0,4,12.10005
0.0,2,12.110264
0.0,2,12.123294
0.0,3,12.13468
1.0,3,12.149573
0.0,3,12.164348
0.0,8,12.188683
1.0,5,12.209431
0.0,4,12.225367
0.0,2,12.234771
1.0,4,12.248158
0.0,2,12.259589
2.0,8,12.284315
0.0,7,12.306131
0.0,3,12.318757
0.0,2,12.331801
1.0,6,12.351766
1.0,5,12.371957
0.0,3,12.384925
0.0,3,12.39858
0.0,3,12.413153
2.0,9,12.440769
1.0,10,12.470311
0.0,3,12.485214
0.0,2,12.495929
1.0,4,12.512951
0.0,1,12.521457
1.0,4,12.537482
0.0,1,12.545282
1.0,7,12.56976
1.0,6,12.590827
0.0,1,12.600493
0.0,3,12.61465
1.0,4,12.631045
0.0,3,12.640657
0.0,3,12.654705
0.0,3,12.666061
0.0,3,12.68149
1.0,4,12.699284
0.0,3,12.711056
0.0,1,12.72279
0.0,3,12.7351
1.0,10,12.763861
1.0,4,12.780921
1.0,5,12.797607
0.0,1,12.806084
1.0,8,12.832781
1.0,6,12.851546
1.0,4,12.869062
2.0,10,12.90035
1.0,4,12.916738
0.0,3,12.927924
0.0,3,12.941563
0.0,3,12.955471
0.0,2,12.967396
0.0,1,12.97594
0.0,1,12.984564
1.0,5,13.004352
1.0,8,13.031075
0.0,2,13.041953
0.0,1,13.050104
1.0,7,13.075161
1.0,4,13.090413
0.0,4,13.104155
0.0,3,13.117624
1.0,5,13.136831
1.0,9,13.166821
0.0,3,13.176377
0.0,2,13.188964
0.0,3,13.201355
1.0,7,13.227245
1.0,5,13.247585
0.0,1,13.25595
0.0,1,13.264151
0.0,1,13.271793
1.0,5,13.289429
0.0,1,13.300069
0.0,2,13.310386
1.0,4,13.327863
1.0,15,13.370516
1.0,4,13.387002
1.0,5,13.406443
1.0,7,13.428267
1.0,9,13.456504
0.0,2,13.465667
1.0,3,13.479666
1.0,6,13.499544
0.0,1,13.508174
1.0,4,13.525499
0.0,1,13.534847
0.0,1,13.542754
0.0,1,13.554131
0.0,3,13.566585
1.0,5,13.581637
1.0,4,13.598511
1.0,6,13.619297
2.0,10,13.649386
0.0,2,13.661458
0.0,1,13.669209
1.0,7,13.692613
1.0,5,13.711254
0.0,4,13.728357
1.0,3,13.742274
1.0,6,13.762998
1.0,6,13.784461
0.0,5,13.80176
0.0,5,13.817192
0.0,5,13.833874
0.0,1,13.841931
1.0,5,13.86096
0.0,3,13.875806
1.0,5,13.892624
1.0,5,13.912474
1.0,3,13.924654
0.0,4,13.940485
0.0,1,13.948804
0.0,3,13.964653
0.0,5,13.983103
0.0,2,13.992784
0.0,4,14.00918
0.0,2,14.020897
0.0,3,14.033247
1.0,8,14.060051
1.0,9,14.089083
2.0,7,14.111043
2.0,6,14.128693
1.0,6,14.150485
0.0,3,14.165526
0.0,3,14.180753
0.0,2,14.191811
0.0,2,14.202478
0.0,3,14.217264
1.0,5,14.235568
1.0,10,14.263727
0.0,2,14.273483
1.0,4,14.291311
0.0,3,14.306549
2.0,7,14.328821
1.0,4,14.345967
1.0,4,14.362286
0.0,1,14.370218
0.0,1,14.379141
0.0,1,14.387233
0.0,3,14.402234
0.0,1,14.411294
0.0,1,14.419958
1.0,4,14.437048
0.0,1,14.446001
1.0,6,14.470419
0.0,3,14.483384
1.0,4,14.499148
0.0,1,14.507594
0.0,3,14.521361
0.0,3,14.535005
0.0,3,14.550263
1.0,8,14.57551
0.0,1,14.583574
0.0,3,14.59389
0.0,3,14.607542
1.0,6,14.629063
0.0,6,14.650453
0.0,2,14.662456
0.0,3,14.673154
0.0,3,14.685807
2.0,8,14.70971
0.0,3,14.723419
1.0,7,14.747213
0.0,2,14.757834
0.0,1,14.766956
1.0,7,14.792367
1.0,10,14.82018
1.0,6,14.841328
0.0,9,14.868636
0.0,3,14.879723
1.0,5,14.899425
1.0,9,14.927792
0.0,2,14.93784
1.0,4,14.954347
1.0,3,14.969141
1.0,6,14.988654
0.0,5,15.00649
1.0,7,15.028787
1.0,6,15.050728
1.0,4,15.065696
3.0,11,15.100871
0.0,6,15.12188
0.0,4,15.136123
1.0,6,15.157948
0.0,3,15.168766
1.0,5,15.184577
0.0,2,15.195912
0.0,3,15.209843
0.0,5,15.227562
0.0,3,15.242512
0.0,3,15.257805
1.0,6,15.277889
1.0,6,15.299249
0.0,1,15.306981
0.0,1,15.315095
2.0,9,15.34099
0.0,2,15.354008
0.0,1,15.362754
1.0,5,15.381165
2.0,7,15.403555
2.0,7,15.42755
0.0,1,15.436695
1.0,4,15.452566
0.0,2,15.462683
0.0,3,15.476178
1.0,7,15.497154
2.0,8,15.523961
0.0,2,15.53366
0.0,2,15.543305
0.0,1,15.554258
0.0,9,15.576197
0.0,2,15.590736
1.0,6,15.609931
1.0,3,15.624669
1.0,5,15.644799
1.0,4,15.658336
1.0,6,15.680352
1.0,4,15.694297
0.0,1,15.704624
0.0,3,15.71621
1.0,3,15.730496
1.0,9,15.760544
1.0,4,15.77418
0.0,5,15.792031
1.0,4,15.809013
0.0,2,15.821266
0.0,5,15.837793
0.0,5,15.854766
0.0,2,15.86486
0.0,1,15.873207
0.0,2,15.88473
1.0,4,15.90071
1.0,4,15.914092
0.0,1,15.922308
1.0,6,15.943933
0.0,1,15.95245
0.0,2,15.961009
0.0,5,15.98053
0.0,1,15.990501
0.0,1,16.001874
3.0,11,16.035732
2.0,13,16.068506
0.0,6,16.08833
1.0,4,16.102971
0.0,3,16.118122
0.0,2,16.128634
0.0,2,16.140455
2.0,14,16.181037
1.0,6,16.200857
0.0,3,16.214
0.0,1,16.224755
1.0,3,16.236447
0.0,1,16.245354
0.0,3,16.258517
2.0,7,16.280068
2.0,8,16.304001
0.0,2,16.312649
0.0,1,16.324002
0.0,6,16.343515
1.0,7,16.365996
2.0,11,16.397592
1.0,5,16.417792
0.0,1,16.428198
0.0,3,16.441167
1.0,7,16.466981
0.0,2,16.478102
1.0,6,16.496387
0.0,3,16.51284
0.0,2,16.521877
0.0,1,16.530187
1.0,6,16.552149
1.0,5,16.571742
1.0,8,16.595991
0.0,2,16.608006
1.0,6,16.629162
1.0,8,16.652839
2.0,8,16.679079
0.0,2,16.689193
0.0,3,16.702548
0.0,2,16.712377
0.0,6,16.731821
0.0,7,16.751316
0.0,2,16.760289
1.0,6,16.783208
0.0,1,16.791169
0.0,1,16.800445
0.0,1,16.808771
2.0,8,16.836982
0.0,3,16.849227
0.0,6,16.872844
0.0,1,16.880837
2.0,10,16.913543
1.0,4,16.929186
0.0,2,16.939154
0.0,6,16.956402
1.0,5,16.975181
1.0,12,17.013423
1.0,6,17.034001
1.0,6,17.055564
1.0,13,17.090804
1.0,7,17.114748
0.0,2,17.126711
0.0,3,17.143157
0.0,3,17.15833
0.0,3,17.17078
1.0,13,17.2059
0.0,2,17.215303
1.0,6,17.234524
0.0,2,17.247109
0.0,1,17.255489
0.0,3,17.271633
1.0,6,17.292248
0.0,3,17.303109
0.0,2,17.316007
2.0,7,17.339249
1.0,5,17.358361
0.0,1,17.365799
0.0,4,17.382018
0.0,1,17.389857
1.0,9,17.41824
0.0,9,17.440982
0.0,6,17.459444
1.0,6,17.480831
0.0,3,17.494952
0.0,1,17.503543
0.0,2,17.515619
1.0,6,17.536398
1.0,4,17.552981
1.0,8,17.57659
2.0,7,17.601759
1.0,7,17.621344
0.0,1,17.630349
0.0,2,17.641434
0.0,2,17.650678
0.0,3,17.664665
0.0,3,17.675729
1.0,6,17.696548
0.0,1,17.707048
1.0,5,17.724374
0.0,3,17.736346
1.0,4,17.753146
1.0,4,17.768385
1.0,6,17.790379
0.0,3,17.805219
0.0,1,17.812625
0.0,4,17.82985
2.0,8,17.852808
0.0,1,17.862401
0.0,1,17.873425
1.0,8,17.898448
1.0,6,17.919048
0.0,2,17.931829
1.0,4,17.948349
1.0,5,17.966947
0.0,5,17.985273
1.0,6,18.004388
2.0,11,18.034808
2.0,8,18.061654
1.0,4,18.075648
1.0,4,18.091931
2.0,10,18.121601
2.0,7,18.147309
0.0,1,18.15602
0.0,2,18.164416
1.0,5,18.183463
0.0,1,18.191682
0.0,3,18.207045
0.0,2,18.215958
1.0,9,18.243819
0.0,3,18.259328
0.0,1,18.267278
1.0,4,18.28364
2.0,7,18.306325
0.0,3,18.321915
1.0,5,18.340642
1.0,5,18.360588
0.0,2,18.370685
0.0,1,18.379231
2.0,12,18.413877
1.0,7,18.436071
2.0,8,18.463081
0.0,2,18.473438
0.0,2,18.4857
1.0,10,18.516291
0.0,2,18.525007
0.0,5,18.542391
0.0,1,18.550407
0.0,2,18.563094
1.0,8,18.588938
0.0,2,18.601089
1.0,6,18.620109
1.0,4,18.637655
0.0,5,18.654932
0.0,2,18.664378
1.0,5,18.682521
0.0,1,18.690963
0.0,5,18.707853
2.0,8,18.735674
1.0,5,18.753698
1.0,6,18.772037
1.0,7,18.793202
1.0,8,18.81988
1.0,8,18.843164
0.0,2,18.853662
0.0,2,18.864591
0.0,2,18.876564
0.0,3,18.887614
1.0,3,18.902866
1.0,8,18.927475
0.0,5,18.945097
1.0,4,18.958771
0.0,3,18.972347
2.0,7,18.996338
0.0,2,19.008983
1.0,10,19.0386
2.0,7,19.062035
0.0,4,19.079487
0.0,1,19.088486
1.0,6,19.108249
1.0,5,19.127225
0.0,1,19.137768
2.0,7,19.160682
1.0,11,19.19095
0.0,1,19.199454
0.0,3,19.215056
1.0,4,19.231408
0.0,2,19.241148
0.0,1,19.249873
0.0,6,19.27016
0.0,2,19.281322
3.0,10,19.308753
0.0,4,19.32438
0.0,4,19.338871
0.0,1,19.347801
1.0,4,19.363951
1.0,5,19.383277
1.0,6,19.403382
1.0,4,19.421349
1.0,6,19.441585
2.0,8,19.465114
0.0,1,19.476599
0.0,3,19.487439
2.0,6,19.506311
0.0,2,19.517733
0.0,3,19.52877
1.0,4,19.54704
1.0,6,19.568869
1.0,9,19.595283
0.0,3,19.608779
0.0,1,19.617033
0.0,1,19.624968
0.0,1,19.633405
0.0,3,19.646836
0.0,2,19.656205
1.0,3,19.668287
0.0,1,19.677206
2.0,8,19.703649
1.0,5,19.723825
1.0,6,19.743753
1.0,9,19.770992
1.0,7,19.792895
1.0,5,19.812174
0.0,2,19.82366
0.0,2,19.832848
0.0,1,19.841245
0.0,1,19.849492
1.0,6,19.872494
1.0,4,19.888162
1.0,7,19.9125
0.0,1,19.921572
2.0,7,19.943374
0.0,1,19.953695
1.0,6,19.973961
0.0,3,19.985554
0.0,3,20.000672
1.0,5,20.019837
1.0,9,20.047052
0.0,1,20.055648
1.0,7,20.077506
0.0,4,20.09292
0.0,2,20.105473
2.0,9,20.132892
1.0,7,20.156184
1.0,5,20.173293
1.0,11,20.202442
1.0,6,20.2233
1.0,8,20.250274
0.0,3,20.26253
1.0,4,20.280293
0.0,4,20.296481
0.0,1,20.304919
0.0,3,20.319243
1.0,4,20.336407
2.0,11,20.36861
0.0,3,20.38119
2.0,9,20.41111
1.0,5,20.430513
1.0,7,20.452734
0.0,3,20.466494
0.0,2,20.47957
0.0,3,20.492306
0.0,1,20.50113
0.0,5,20.516773
1.0,5,20.536438
1.0,5,20.553459
0.0,2,20.566525
1.0,6,20.588069
1.0,8,20.615751
2.0,9,20.641802
0.0,1,20.652905
0.0,3,20.664584
0.0,2,20.678826
0.0,4,20.692641
0.0,1,20.704096
1.0,3,20.715003
1.0,4,20.732562
1.0,4,20.74968
1.0,5,20.767685
2.0,14,20.805439
0.0,1,20.814475
2.0,11,20.842093
1.0,5,20.861276
0.0,3,20.875205
1.0,8,20.899368
0.0,2,20.910936
0.0,5,20.928986
0.0,6,20.946515
0.0,4,20.960582
0.0,1,20.968122
0.0,5,20.985341
1.0,5,21.003498
0.0,1,21.011658
0.0,3,21.024539
0.0,3,21.035385
1.0,6,21.053098
1.0,6,21.076611
0.0,1,21.08589
1.0,7,21.109183
2.0,9,21.135379
0.0,1,21.144213
0.0,2,21.156887
1.0,4,21.171375
0.0,2,21.184488
1.0,5,21.203383
0.0,7,21.224575
0.0,3,21.239734
1.0,5,21.258566
1.0,3,21.27186
2.0,12,21.30777
0.0,1,21.316724
1.0,10,21.342247
2.0,9,21.365462
0.0,3,21.377642
0.0,2,21.390724
1.0,6,21.41061
1.0,5,21.429356
2.0,9,21.458663
1.0,5,21.478348
2.0,7,21.499933
0.0,2,21.511753
1.0,3,21.524116
1.0,8,21.552294
0.0,6,21.572802
2.0,9,21.601366
2.0,8,21.625159
1.0,9,21.655394
2.0,7,21.678264
0.0,4,21.690922
1.0,9,21.719561
2.0,11,21.751886
1.0,12,21.785379
0.0,5,21.803852
0.0,6,21.822675
1.0,5,21.841892
0.0,1,21.850031
0.0,2,21.862332
0.0,3,21.874214
1.0,7,21.899101
3.0,12,21.931147
0.0,2,21.941854
1.0,5,21.961079
0.0,1,21.971562
0.0,3,21.984888
1.0,5,22.003276
0.0,6,22.023082
0.0,2,22.036757
0.0,3,22.047731
1.0,9,22.07395
3.0,21,22.126158
0.0,3,22.140678
1.0,6,22.15942
1.0,6,22.180256
3.0,10,22.209435
1.0,16,22.253796
2.0,7,22.273332
1.0,11,22.304688
0.0,3,22.319165
1.0,6,22.340645
1.0,11,22.372806
2.0,6,22.390104
0.0,2,22.402238
0.0,2,22.412354
1.0,4,22.428085
1.0,7,22.451056
1.0,6,22.474435
0.0,6,22.491875
2.0,7,22.515633
1.0,7,22.537867
0.0,1,22.545845
3.0,11,22.577955
1.0,7,22.59969
0.0,3,22.615427
2.0,8,22.641612
1.0,5,22.659194
1.0,6,22.679827
0.0,3,22.692742
1.0,6,22.716552
0.0,3,22.726711
0.0,2,22.739023
2.0,9,22.763468
0.0,1,22.773983
0.0,2,22.78472
1.0,5,22.800314
0.0,3,22.816738
3.0,12,22.848629
1.0,6,22.869675
0.0,1,22.877941
3.0,14,22.918118
1.0,5,22.938053
1.0,8,22.966262
2.0,6,22.986325
1.0,4,23.002874
1.0,13,23.037255
1.0,8,23.064156
1.0,7,23.085669
1.0,13,23.123958
1.0,9,23.148783
0.0,6,23.167264
0.0,1,23.17624
1.0,5,23.195467
3.0,13,23.231781
0.0,3,23.24293
1.0,5,23.260154
1.0,5,23.280325
1.0,6,23.302795
0.0,1,23.311591
2.0,11,23.342718
1.0,6,23.362718
0.0,2,23.374347
0.0,3,23.386552
0.0,2,23.399064
0.0,3,23.409573
0.0,3,23.424721
0.0,2,23.435588
0.0,1,23.444001
0.0,3,23.458843
0.0,3,23.472527
0.0,3,23.48447
1.0,10,23.517129
2.0,11,23.547715
1.0,5,23.564138
0.0,3,23.579021
0.0,1,23.58791
0.0,3,23.602131
0.0,2,23.610688
1.0,4,23.625077
2.0,8,23.653002
1.0,9,23.677027
1.0,7,23.699723
0.0,1,23.708725
2.0,10,23.739219
1.0,8,23.763287
1.0,5,23.781785
0.0,3,23.792994
2.0,9,23.820858
1.0,4,23.843644
0.0,3,23.874203
1.0,12,23.906239
1.0,4,23.920154
3.0,16,23.963768
0.0,1,23.972642
1.0,4,23.986969
1.0,6,24.008601
1.0,5,24.029542
1.0,6,24.05166
1.0,6,24.073426
1.0,8,24.096909
0.0,3,24.112029
1.0,5,24.131194
0.0,2,24.140924
2.0,6,24.16045
0.0,7,24.181819
1.0,8,24.20788
2.0,13,24.24627
0.0,3,24.25585
1.0,4,24.271885
2.0,10,24.29936
1.0,4,24.317082
0.0,1,24.325849
1.0,8,24.352124
3.0,13,24.386669
1.0,7,24.409892
1.0,6,24.428296
2.0,8,24.460018
0.0,2,24.469523
1.0,14,24.510118
3.0,13,24.545
1.0,7,24.570964
0.0,2,24.581377
1.0,5,24.598529
1.0,6,24.618979
1.0,4,24.6355
0.0,2,24.648474
2.0,8,24.671141
1.0,4,24.687443
0.0,2,24.697275
0.0,8,24.721856
2.0,6,24.744556
1.0,6,24.766144
0.0,2,24.778788
2.0,6,24.797729
2.0,14,24.8385
0.0,1,24.84675
0.0,3,24.860651
0.0,3,24.872777
0.0,2,24.884937
2.0,20,24.947452
1.0,5,24.980246
1.0,6,25.001933
2.0,7,25.02221
1.0,7,25.047164
0.0,3,25.057885
1.0,4,25.076279
3.0,13,25.112704
1.0,9,25.135125
2.0,7,25.159631
0.0,6,25.177625
0.0,3,25.190366
0.0,2,25.200484
0.0,3,25.213483
0.0,1,25.221848
0.0,3,25.233101
1.0,13,25.267821
0.0,5,25.284461
2.0,7,25.307073
1.0,6,25.330376
0.0,2,25.340433
0.0,3,25.355352
1.0,3,25.367648
0.0,3,25.380893
1.0,4,25.396488
1.0,5,25.415322
0.0,3,25.427855
1.0,9,25.454783
1.0,9,25.483752
1.0,7,25.506082
0.0,3,25.52167
2.0,9,25.548803
1.0,6,25.568774
0.0,2,25.578886
1.0,6,25.599632
0.0,2,25.612078
1.0,5,25.629859
0.0,8,25.649883
1.0,9,25.677647
0.0,1,25.686047
2.0,10,25.716555
0.0,1,25.728459
2.0,11,25.761536
0.0,3,25.774239
1.0,6,25.798225
2.0,9,25.824674
0.0,4,25.840082
1.0,4,25.856599
1.0,7,25.878927
0.0,3,25.89234
2.0,8,25.915976
1.0,6,25.938138
3.0,15,25.977889
1.0,6,25.998366
0.0,3,26.013532
0.0,5,26.030768
1.0,7,26.051988
1.0,5,26.067342
0.0,10,26.092371
4.0,15,26.132017
0.0,4,26.148272
0.0,5,26.167988
0.0,3,26.18112
2.0,16,26.226397
1.0,9,26.251155
1.0,6,26.275514
1.0,6,26.296068
0.0,1,26.305096
2.0,12,26.341087
2.0,9,26.366274
1.0,5,26.385247
0.0,3,26.398016
0.0,3,26.411477
1.0,5,26.428011
0.0,3,26.440479
1.0,5,26.456889
0.0,4,26.471214
1.0,10,26.5017
1.0,9,26.528278
0.0,1,26.536961
0.0,3,26.547949
0.0,3,26.560193
0.0,3,26.575261
1.0,7,26.598568
0.0,1,26.606079
0.0,3,26.619682
0.0,3,26.632331
1.0,5,26.649496
0.0,1,26.660261
0.0,3,26.670542
0.0,3,26.68398
1.0,7,26.703719
1.0,5,26.721611
0.0,1,26.730016
0.0,2,26.741714
1.0,5,26.761521
2.0,10,26.79023
0.0,3,26.800745
1.0,6,26.823127
0.0,2,26.834064
0.0,6,26.855368
0.0,1,26.864881
1.0,8,26.887544
0.0,1,26.895865
1.0,4,26.912742
0.0,5,26.930581
0.0,2,26.940246
0.0,1,26.951897
0.0,2,26.960398
0.0,1,26.968505
1.0,7,26.993553
0.0,3,27.00743
1.0,4,27.024051
1.0,8,27.050484
2.0,12,27.085052
0.0,3,27.100839
1.0,6,27.121674
2.0,9,27.147889
1.0,4,27.161847
0.0,4,27.176901
2.0,11,27.207695
2.0,11,27.236879
2.0,9,27.26084
0.0,1,27.271582
0.0,1,27.279979
1.0,7,27.302887
2.0,9,27.331399
3.0,7,27.351312
2.0,10,27.382074
3.0,9,27.409942
0.0,2,27.42189
2.0,13,27.456147
1.0,6,27.477786
0.0,4,27.494311
1.0,8,27.520216
2.0,9,27.549907
1.0,6,27.570178
0.0,1,27.578805
0.0,3,27.591438
1.0,7,27.614444
3.0,11,27.643494
0.0,3,27.655478
1.0,3,27.666792
1.0,7,27.690582
0.0,3,27.701266
1.0,6,27.72523
0.0,1,27.73375
2.0,7,27.757372
0.0,5,27.775257
2.0,12,27.810102
0.0,2,27.819879
1.0,4,27.836593
0.0,1,27.845376
2.0,13,27.883993
0.0,2,27.892689
2.0,7,27.915129
1.0,3,27.929737
1.0,6,27.950805
0.0,1,27.959829
1.0,5,27.979252
1.0,6,27.999861
1.0,11,28.033665
2.0,8,28.051046
0.0,1,28.061913
0.0,1,28.070559
1.0,8,28.092552
1.0,6,28.114485
0.0,3,28.127655
2.0,11,28.158773
0.0,2,28.170457
2.0,7,28.190563
1.0,6,28.212569
2.0,9,28.24298
0.0,2,28.254226
4.0,14,28.290692
0.0,3,28.304034
3.0,11,28.331634
3.0,14,28.369882
1.0,7,28.391704
2.0,13,28.431632
1.0,5,28.451222
3.0,13,28.490376
1.0,7,28.513528
2.0,16,28.560131
3.0,10,28.591719
1.0,4,28.607387
2.0,9,28.635484
2.0,7,28.656775
2.0,6,28.675958
0.0,3,28.690018
0.0,1,28.698008
0.0,3,28.714113
2.0,13,28.750594
1.0,7,28.775012
0.0,5,28.792196
0.0,3,28.805163
1.0,4,28.822478
0.0,4,28.837019
3.0,16,28.879491
1.0,6,28.897124
0.0,1,28.907791
1.0,6,28.929071
0.0,1,28.936678
1.0,4,28.953457
0.0,2,28.962811
2.0,12,28.996987
2.0,10,29.024159
1.0,9,29.049194
1.0,4,29.066301
0.0,3,29.08016
2.0,11,29.107957
1.0,8,29.134439
0.0,3,29.144864
2.0,8,29.173616
0.0,1,29.182311
0.0,3,29.195878
0.0,1,29.204533
1.0,9,29.233191
1.0,7,29.256792
2.0,7,29.278861
1.0,6,29.301413
1.0,4,29.315887
0.0,3,29.328942
1.0,6,29.348966
1.0,4,29.365005
2.0,11,29.395866
1.0,6,29.414616
3.0,12,29.449552
0.0,3,29.462483
1.0,7,29.48612
2.0,7,29.50744
1.0,6,29.527858
2.0,9,29.558575
0.0,1,29.566821
1.0,7,29.590094
1.0,8,29.612907
1.0,9,29.641682
1.0,6,29.661817
1.0,8,29.685868
1.0,6,29.707655
2.0,9,29.734615
1.0,5,29.75364
0.0,5,29.771176
0.0,3,29.786453
2.0,12,29.815962
2.0,7,29.839231
0.0,3,29.85496
1.0,6,29.874887
1.0,6,29.894697
4.0,15,29.934464
1.0,6,29.953801
0.0,3,29.966764
1.0,7,29.990847
0.0,1,29.999707
2.0,7,30.020105
1.0,6,30.038628
1.0,6,30.060752
0.0,1,30.070038
2.0,11,30.101228
2.0,7,30.121984
0.0,3,30.134644
2.0,13,30.169501
1.0,4,30.183798
1.0,12,30.217891
0.0,3,30.228126
1.0,6,30.249303
1.0,5,30.263373
2.0,12,30.297055
1.0,5,30.313752
1.0,6,30.333285
0.0,4,30.348907
1.0,8,30.376369
2.0,10,30.403604
1.0,8,30.428831
1.0,8,30.455991
0.0,5,30.472178
0.0,2,30.481063
1.0,8,30.507997
2.0,8,30.532057
3.0,11,30.565441
0.0,4,30.579781
1.0,11,30.613416
1.0,9,30.63812
4.0,13,30.672701
1.0,11,30.70458
1.0,4,30.721143
0.0,2,30.730722
1.0,4,30.748136
1.0,7,30.771459
3.0,17,30.816747
2.0,8,30.844023
0.0,9,30.86843
1.0,7,30.891992
0.0,5,30.910348
2.0,16,30.954392
1.0,6,30.976352
2.0,15,31.016292
1.0,5,31.035011
0.0,1,31.043025
0.0,1,31.054079
1.0,7,31.074098
2.0,9,31.103389
2.0,14,31.142115
1.0,6,31.161667
1.0,4,31.177144
1.0,6,31.19747
0.0,3,31.210276
1.0,5,31.2255
1.0,7,31.248121
2.0,16,31.292497
2.0,12,31.323398
1.0,6,31.344815
1.0,7,31.365777
2.0,10,31.397087
1.0,6,31.413166
3.0,10,31.443868
2.0,9,31.471341
1.0,8,31.498694
1.0,7,31.519269
0.0,11,31.552554
3.0,10,31.582579
1.0,4,31.599893
0.0,3,31.613049
1.0,6,31.633791
0.0,6,31.651962
2.0,14,31.686219
3.0,13,31.7198
1.0,8,31.747234
0.0,1,31.755383
0.0,5,31.774833
1.0,10,31.802399
0.0,5,31.820725
0.0,14,31.858499
1.0,5,31.878667
0.0,1,31.887097
1.0,6,31.909693
2.0,5,31.926925
2.0,9,31.954368
2.0,11,31.985642
1.0,5,32.00317
2.0,11,32.036693
0.0,3,32.047767
1.0,4,32.062898
0.0,1,32.072086
2.0,5,32.09018
0.0,10,32.117643
1.0,8,32.140736
1.0,7,32.163172
2.0,15,32.202903
0.0,1,32.21123
0.0,3,32.224126
0.0,9,32.249523
2.0,8,32.272845
2.0,7,32.295586
2.0,5,32.313287
1.0,5,32.330452
1.0,6,32.347492
2.0,10,32.377428
3.0,14,32.41563
1.0,9,32.442511
0.0,2,32.451486
2.0,10,32.482026
2.0,10,32.509803
1.0,5,32.530281
3.0,10,32.560002
2.0,8,32.584777
3.0,15,32.625714
1.0,5,32.644515
1.0,6,32.665219
2.0,15,32.704674
0.0,6,32.722748
2.0,13,32.760178
1.0,5,32.780642
2.0,8,32.801544
3.0,14,32.84192
0.0,3,32.856171
2.0,7,32.877075
1.0,10,32.907792
1.0,5,32.925704
0.0,1,32.933941
2.0,9,32.961252
1.0,8,32.990247
1.0,4,33.001911
3.0,16,33.04435
2.0,8,33.068271
1.0,5,33.087229
2.0,14,33.124637
0.0,10,33.150953
1.0,6,33.171594
4.0,13,33.210182
0.0,6,33.229138
2.0,14,33.267431
0.0,1,33.274937
1.0,4,33.290128
0.0,3,33.299777
3.0,17,33.346019
1.0,7,33.366922
0.0,3,33.379994
0.0,3,33.389821
0.0,2,33.40289
0.0,3,33.416142
0.0,3,33.430404
0.0,1,33.438689
2.0,11,33.468813
1.0,5,33.486689
2.0,6,33.510679
0.0,3,33.521864
1.0,8,33.549248
1.0,5,33.564949
1.0,7,33.584796
2.0,9,33.610295
0.0,4,33.62432
1.0,7,33.644793
3.0,10,33.675443
0.0,2,33.687919
1.0,5,33.705392
2.0,13,33.740323
0.0,3,33.753569
0.0,3,33.765301
1.0,5,33.78418
2.0,8,33.807065
1.0,6,33.82579
0.0,1,33.834806
1.0,7,33.858835
1.0,6,33.878167
2.0,11,33.909446
0.0,3,33.921946
1.0,7,33.944133
1.0,5,33.962015
2.0,7,33.987445
2.0,13,34.021687
0.0,3,34.035441
1.0,4,34.050937
0.0,5,34.067276
2.0,7,34.090412
1.0,6,34.110867
1.0,8,34.133801
0.0,1,34.143104
2.0,8,34.170026
3.0,20,34.218807
2.0,9,34.246181
2.0,7,34.269526
2.0,9,34.297285
0.0,3,34.311768
0.0,3,34.325018
1.0,6,34.34208
2.0,15,34.381192
2.0,8,34.408875
0.0,2,34.419237
0.0,3,34.431887
1.0,7,34.451776
2.0,9,34.480374
3.0,14,34.519099
2.0,9,34.545407
1.0,7,34.569637
2.0,8,34.594798
1.0,6,34.615045
2.0,8,34.639988
3.0,10,34.668864
2.0,9,34.697062
2.0,8,34.722054
1.0,8,34.745023
0.0,3,34.759196
2.0,12,34.791104
1.0,9,34.817574
1.0,4,34.83467
1.0,9,34.859596
2.0,7,34.882881
3.0,20,34.93565
0.0,2,34.945251
3.0,12,34.979069
2.0,14,35.015898
1.0,5,35.032217
1.0,6,35.049965
2.0,18,35.095637
1.0,4,35.112723
0.0,6,35.128971
1.0,8,35.149101
0.0,3,35.161889
0.0,4,35.175292
2.0,7,35.198792
2.0,8,35.223996
0.0,3,35.238203
3.0,21,35.292242
2.0,15,35.334436
3.0,18,35.382567
2.0,13,35.41815
3.0,10,35.445061
3.0,14,35.481992
2.0,7,35.507588
2.0,10,35.535372
2.0,10,35.566674
1.0,6,35.5877
1.0,5,35.605934
0.0,3,35.616465
4.0,17,35.662047
3.0,21,35.714594
1.0,5,35.733703
2.0,7,35.75015
0.0,3,35.762386
0.0,6,35.781719
0.0,4,35.797724
1.0,3,35.812816
3.0,14,35.849716
1.0,7,35.874147
2.0,10,35.902701
0.0,3,35.912335
0.0,2,35.925718
0.0,3,35.935824
1.0,11,35.96532
3.0,13,35.999764
1.0,5,36.018292
1.0,11,36.047185
2.0,7,36.073591
2.0,8,36.097873
0.0,1,36.108405
3.0,19,36.150301
2.0,11,36.184607
0.0,6,36.201487
2.0,10,36.23138
3.0,12,36.264433
1.0,12,36.297062
2.0,8,36.319566
2.0,16,36.359001
0.0,1,36.36967
0.0,3,36.380121
2.0,11,36.407906
1.0,6,36.427899
3.0,12,36.461607
2.0,10,36.491414
3.0,12,36.524391
1.0,9,36.552273
3.0,12,36.58812
1.0,5,36.60357
0.0,3,36.613532
1.0,4,36.629581
1.0,9,36.655371
1.0,11,36.686711
2.0,10,36.715268
3.0,15,36.751353
0.0,3,36.764995
1.0,6,36.784671
0.0,1,36.792365
0.0,1,36.801067
0.0,2,36.813233
6.0,24,36.870732
1.0,8,36.896414
0.0,2,36.906888
2.0,7,36.930386
1.0,15,36.972939
1.0,8,36.995929
0.0,2,37.009392
2.0,13,37.044952
1.0,3,37.06057
2.0,17,37.103272
1.0,5,37.12265
2.0,10,37.15196
3.0,19,37.201528
2.0,7,37.220809
2.0,10,37.252327
1.0,9,37.274861
0.0,3,37.287849
0.0,2,37.29725
0.0,2,37.309514
0.0,2,37.318765
0.0,6,37.338928
1.0,4,37.355766
2.0,10,37.383264
4.0,18,37.433316
4.0,22,37.48749
0.0,3,37.499943
1.0,8,37.525935
2.0,10,37.554135
0.0,6,37.575426
1.0,14,37.611046
3.0,10,37.637848
4.0,14,37.670863
1.0,8,37.696777
3.0,18,37.742638
1.0,4,37.758285
2.0,7,37.782207
1.0,5,37.800072
0.0,1,37.80864
3.0,14,37.847895
3.0,15,37.889679
2.0,8,37.914807
5.0,17,37.960398
2.0,9,37.98967
0.0,3,38.002246
1.0,6,38.021582
1.0,7,38.044359
1.0,10,38.073113
0.0,5,38.089559
0.0,3,38.101623
0.0,3,38.116999
0.0,3,38.126994
2.0,9,38.1564
2.0,11,38.186479
0.0,3,38.19926
1.0,6,38.220689
1.0,6,38.241739
0.0,2,38.253904
1.0,4,38.26993
0.0,3,38.28002
1.0,6,38.297454
3.0,18,38.341934
1.0,6,38.360598
0.0,2,38.372988
1.0,4,38.386694
2.0,8,38.412054
4.0,16,38.455275
3.0,15,38.493318
2.0,9,38.522788
1.0,5,38.54078
0.0,3,38.552819
0.0,6,38.569666
4.0,17,38.615507
1.0,15,38.65272
1.0,8,38.676429
3.0,10,38.70544
2.0,8,38.728556
2.0,7,38.752458
1.0,4,38.766759
3.0,10,38.797722
2.0,10,38.825471
2.0,12,38.859431
0.0,4,38.872535
2.0,8,38.89509
0.0,3,38.906959
2.0,9,38.93244
0.0,3,38.942905
0.0,3,38.955908
1.0,5,38.975051
1.0,11,39.005359
4.0,19,39.052111
3.0,11,39.081891
2.0,8,39.103884
0.0,2,39.112673
0.0,1,39.121712
2.0,19,39.167521
0.0,3,39.18205
2.0,11,39.213047
1.0,5,39.229825
1.0,5,39.247501
1.0,6,39.267815
2.0,9,39.292347
4.0,14,39.329695
0.0,2,39.340214
1.0,11,39.37085
4.0,14,39.407335
2.0,8,39.434255
1.0,11,39.464446
3.0,16,39.50303
5.0,18,39.551507
0.0,3,39.564434
2.0,9,39.591888
3.0,13,39.626393
2.0,8,39.651225
2.0,10,39.677047
1.0,13,39.71213
0.0,3,39.724584
0.0,3,39.734555
2.0,10,39.763633
0.0,1,39.773368
3.0,17,39.820317
1.0,8,39.845534
0.0,2,39.85803
2.0,10,39.888747
2.0,6,39.904044
2.0,8,39.931092
2.0,12,39.963409
0.0,6,39.984179
0.0,3,39.99647
4.0,20,40.048716
2.0,14,40.084644
2.0,11,40.115389
1.0,6,40.136503
0.0,3,40.150094
3.0,12,40.178583
1.0,6,40.198614
0.0,3,40.212814
3.0,14,40.249347
2.0,11,40.275333
0.0,1,40.284684
1.0,6,40.305508
1.0,8,40.330129
2.0,10,40.355683
1.0,5,40.375367
4.0,16,40.416417
1.0,5,40.433516
0.0,1,40.442467
0.0,1,40.450576
3.0,21,40.507188
1.0,4,40.521708
1.0,5,40.538645
0.0,5,40.554406
0.0,3,40.565709
2.0,8,40.591484
1.0,7,40.61322
2.0,12,40.646291
2.0,9,40.674062
1.0,5,40.691446
0.0,3,40.704034
2.0,20,40.752038
2.0,10,40.782438
2.0,23,40.837503
3.0,26,40.903367
3.0,14,40.937164
2.0,10,40.962892
0.0,9,40.985752
1.0,4,41.002689
2.0,8,41.029626
1.0,7,41.050916
2.0,10,41.077917
2.0,9,41.10321
2.0,17,41.14783
2.0,6,41.167283
1.0,6,41.191187
3.0,14,41.22359
4.0,13,41.260152
0.0,3,41.27306
1.0,9,41.299681
0.0,3,41.311714
0.0,6,41.329582
3.0,16,41.370262
0.0,6,41.392112
1.0,6,41.412586
2.0,10,41.438084
1.0,5,41.458316
2.0,7,41.480095
1.0,8,41.504198
0.0,3,41.514423
2.0,9,41.540029
1.0,4,41.557732
5.0,26,41.619872
2.0,8,41.647494
0.0,5,41.663483
2.0,14,41.702524
0.0,2,41.711607
1.0,7,41.734519
2.0,16,41.77582
5.0,20,41.826442
0.0,3,41.836675
3.0,13,41.873306
0.0,1,41.881412
2.0,9,41.906117
2.0,7,41.928832
1.0,8,41.954049
0.0,6,41.96996
3.0,14,42.009209
3.0,15,42.044189
2.0,6,42.062726
1.0,6,42.080219
4.0,14,42.120589
3.0,13,42.157468
2.0,17,42.199963
2.0,12,42.233516
2.0,11,42.267649
3.0,13,42.298768
2.0,21,42.355254
2.0,7,42.378993
0.0,3,42.390262
0.0,5,42.40723
2.0,9,42.433227
2.0,11,42.465615
4.0,13,42.504169
2.0,8,42.53135
0.0,5,42.549409
1.0,8,42.571499
1.0,6,42.590627
0.0,3,42.603688
1.0,7,42.624045
1.0,9,42.652317
4.0,23,42.709343
2.0,13,42.740797
0.0,3,42.753253
1.0,7,42.772656
1.0,6,42.796002
4.0,17,42.840332
2.0,13,42.87736
2.0,12,42.9078
1.0,8,42.931782
0.0,3,42.941693
1.0,12,42.973308
3.0,10,43.002769
3.0,12,43.033883
1.0,3,43.047429
0.0,5,43.062542
2.0,9,43.088046
2.0,8,43.114529
1.0,20,43.159565
3.0,15,43.199142
1.0,4,43.21492
1.0,6,43.235067
0.0,1,43.244204
1.0,6,43.262919
2.0,17,43.311286
0.0,5,43.326664
0.0,6,43.34453
1.0,6,43.365273
2.0,9,43.394094
0.0,3,43.406882
4.0,15,43.443098
4.0,13,43.473314
4.0,17,43.518481
1.0,5,43.537436
3.0,11,43.567856
5.0,22,43.622576
0.0,8,43.645155
1.0,5,43.662836
0.0,3,43.67412
0.0,2,43.686497
1.0,6,43.70473
0.0,2,43.714823
3.0,10,43.743893
2.0,9,43.769521
2.0,6,43.790458
1.0,9,43.816853
0.0,3,43.83053
0.0,3,43.841748
0.0,3,43.854807
1.0,4,43.87116
4.0,12,43.902977
0.0,3,43.917865
0.0,5,43.933341
3.0,13,43.96604
1.0,5,43.984924
4.0,28,44.055242
1.0,9,44.082366
1.0,6,44.101423
3.0,16,44.144982
2.0,14,44.18381
2.0,8,44.206532
5.0,27,44.272789
1.0,9,44.300929
3.0,14,44.340965
0.0,5,44.358053
2.0,17,44.401333
0.0,3,44.415668
3.0,10,44.441979
2.0,11,44.47156
0.0,2,44.48171
0.0,3,44.494645
0.0,3,44.508466
3.0,10,44.538748
4.0,17,44.588748
4.0,15,44.629765
0.0,1,44.638772
0.0,3,44.651079
4.0,13,44.68529
1.0,12,44.719978
4.0,16,44.757415
2.0,11,44.789185
1.0,4,44.807372
5.0,19,44.856377
1.0,6,44.872955
3.0,12,44.905875
3.0,17,44.952726
2.0,8,44.974298
4.0,23,45.027788
1.0,4,45.044716
1.0,8,45.06495
2.0,12,45.100179
2.0,13,45.13577
2.0,8,45.161522
2.0,10,45.18897
3.0,26,45.251041
0.0,6,45.26855
1.0,10,45.29912
0.0,1,45.307773
2.0,16,45.352433
3.0,15,45.392962
0.0,3,45.402399
3.0,14,45.438013
2.0,8,45.462962
4.0,12,45.493505
2.0,11,45.526934
1.0,5,45.544744
3.0,14,45.58498
2.0,13,45.623168
1.0,8,45.645156
0.0,1,45.654136
3.0,18,45.700534
1.0,8,45.722438
3.0,17,45.764462
0.0,1,45.77337
0.0,3,45.787017
3.0,15,45.82454
4.0,23,45.875226
3.0,20,45.922722
1.0,5,45.94049
2.0,14,45.978555
3.0,12,46.011675
2.0,18,46.05118
1.0,4,46.064686
0.0,5,46.081346
1.0,5,46.097673
4.0,27,46.158372
0.0,6,46.180012
3.0,15,46.219162
2.0,18,46.261607
0.0,3,46.274831
5.0,15,46.314509
1.0,8,46.339427
4.0,26,46.403806
2.0,9,46.427455
2.0,7,46.450646
1.0,9,46.474293
2.0,15,46.513123
3.0,14,46.551432
1.0,10,46.577828
1.0,7,46.598238
3.0,19,46.644447
1.0,6,46.66593
2.0,10,46.694101
4.0,17,46.736655
1.0,6,46.756363
4.0,19,46.805487
4.0,15,46.843022
3.0,15,46.88346
2.0,21,46.934051
0.0,3,46.947218
2.0,8,46.970243
2.0,13,47.004415
2.0,11,47.034746
3.0,19,47.085881
1.0,16,47.123961
0.0,5,47.141873
1.0,4,47.158212
0.0,3,47.227957
1.0,9,47.252666
2.0,10,47.279694
1.0,5,47.298942
5.0,16,47.339051
3.0,17,47.382546
2.0,8,47.408539
0.0,1,47.416835
1.0,9,47.443417
0.0,5,47.459724
2.0,16,47.500979
3.0,20,47.550316
3.0,23,47.608195
7.0,44,47.695087
2.0,13,47.728599
3.0,14,47.766564
0.0,1,47.773992
3.0,15,47.811466
0.0,3,47.825737
3.0,13,47.86067
0.0,2,47.873562
2.0,11,47.897583
0.0,1,47.905886
0.0,3,47.919393
0.0,3,47.930595
1.0,6,47.950025
1.0,7,47.972052
0.0,3,47.98249
2.0,8,48.007433
1.0,6,48.024741
0.0,4,48.039164
1.0,6,48.056341
1.0,4,48.073112
4.0,13,48.109999
2.0,15,48.148267
1.0,6,48.169605
1.0,9,48.199263
2.0,11,48.228377
2.0,6,48.248128
1.0,6,48.267074
1.0,5,48.284099
0.0,3,48.296182
3.0,22,48.348048
4.0,20,48.397002
0.0,5,48.417017
1.0,6,48.435471
1.0,6,48.458841
1.0,6,48.475968
2.0,13,48.510503
0.0,3,48.523358
1.0,6,48.543445
1.0,11,48.573138
1.0,6,48.594795
1.0,6,48.613655
1.0,5,48.631655
1.0,6,48.646644
3.0,9,48.669158
5.0,16,48.710431
6.0,35,48.792505
3.0,16,48.829635
3.0,21,48.875004
1.0,9,48.900961
3.0,11,48.928046
2.0,15,48.968264
2.0,10,48.995182
3.0,17,49.042181
2.0,9,49.070459
2.0,19,49.117966
3.0,15,49.158192
1.0,4,49.174498
1.0,8,49.201238
4.0,15,49.241368
4.0,17,49.282124
2.0,13,49.319087
0.0,5,49.335706
2.0,8,49.354081
1.0,5,49.371086
1.0,5,49.388342
3.0,16,49.4326
4.0,14,49.469509
2.0,9,49.497113
2.0,16,49.540814
3.0,14,49.579221
3.0,11,49.610932
2.0,12,49.64642
0.0,1,49.65527
1.0,6,49.673068
3.0,28,49.736072
1.0,5,49.755685
1.0,12,49.785335
2.0,10,49.810171
5.0,21,49.862441
1.0,6,49.884235
1.0,6,49.903114
1.0,5,49.91743
2.0,12,49.947824
2.0,10,49.977972
2.0,12,50.009986
2.0,11,50.038222
4.0,14,50.076509
3.0,18,50.116968
2.0,8,50.143453
1.0,7,50.165535
1.0,5,50.185499
1.0,10,50.214649
2.0,16,50.256098
2.0,8,50.281162
2.0,9,50.31119
4.0,21,50.364982
3.0,11,50.397569
0.0,1,50.406866
1.0,12,50.441048
0.0,3,50.453121
2.0,11,50.502854
2.0,10,50.539571
2.0,14,50.578641
2.0,9,50.606721
3.0,23,50.665832
4.0,20,50.716878
2.0,10,50.747158
4.0,20,50.798778
3.0,17,50.845177
3.0,14,50.884144
2.0,15,50.91932
2.0,15,50.959501
1.0,9,50.988438
4.0,19,51.034876
3.0,17,51.076526
5.0,22,51.129797
0.0,3,51.159839
3.0,13,51.208345
4.0,18,51.255918
0.0,9,51.276373
2.0,12,51.304208
5.0,15,51.342386
3.0,11,51.370894
1.0,6,51.390854
4.0,17,51.431495
2.0,9,51.456052
0.0,3,51.468768
0.0,2,51.477711
1.0,9,51.504641
0.0,3,51.51461
4.0,21,51.567819
4.0,21,51.621496
4.0,23,51.678401
3.0,18,51.725559
3.0,19,51.775341
1.0,12,51.80688
2.0,9,51.833256
6.0,22,51.885352
2.0,13,51.917722
2.0,10,51.943632
1.0,6,51.963274
4.0,21,52.018616
1.0,4,52.033532
3.0,15,52.07061
2.0,9,52.097239
0.0,3,52.111207
3.0,17,52.152551
4.0,24,52.211771
1.0,8,52.234446
3.0,10,52.264125
2.0,8,52.290203
3.0,10,52.318451
2.0,14,52.354313
4.0,21,52.404237
4.0,18,52.449494
4.0,15,52.486953
3.0,11,52.517847
1.0,6,52.53845
2.0,17,52.581967
1.0,5,52.59979
3.0,14,52.639277
2.0,8,52.66347
2.0,10,52.692632
2.0,8,52.713205
2.0,10,52.741541
2.0,11,52.77448
1.0,8,52.798881
1.0,3,52.812951
0.0,4,52.826789
2.0,10,52.855613
0.0,9,52.875854
1.0,8,52.89975
0.0,3,52.912012
4.0,16,52.950111
0.0,3,52.963188
2.0,13,53.001704
2.0,9,53.026984
2.0,9,53.055213
1.0,12,53.085302
1.0,6,53.105384
0.0,9,53.131543
4.0,21,53.181108
4.0,16,53.221143
4.0,18,53.292108
3.0,14,53.326156
2.0,10,53.356611
3.0,17,53.400092
2.0,11,53.432657
5.0,43,53.528881
3.0,29,53.598944
1.0,7,53.619595
0.0,3,53.632454
2.0,12,53.663479
1.0,4,53.679887
2.0,9,53.708296
4.0,15,53.74498
3.0,15,53.778998
2.0,9,53.806269
2.0,8,53.829601
0.0,4,53.844781
0.0,1,53.853525
2.0,12,53.888592
1.0,14,53.920952
0.0,3,53.934686
5.0,19,53.986046
0.0,5,54.001814
4.0,14,54.037058
3.0,13,54.068398
4.0,14,54.102621
5.0,19,54.151037
3.0,13,54.178514
2.0,12,54.211644
5.0,20,54.2577
1.0,6,54.278207
3.0,14,54.317432
0.0,3,54.328654
1.0,9,54.354199
3.0,16,54.396559
2.0,9,54.422208
2.0,11,54.453481
4.0,15,54.515481
1.0,7,54.542762
4.0,13,54.578585
3.0,20,54.630079
3.0,12,54.665923
1.0,13,54.693163
2.0,10,54.723627
0.0,2,54.736905
3.0,20,54.785778
1.0,10,54.815325
2.0,11,54.845368
2.0,23,54.904914
2.0,11,54.936489
0.0,2,54.946257
1.0,6,54.966691
1.0,6,54.989923
1.0,10,55.016268
2.0,12,55.047961
4.0,14,55.086536
3.0,11,55.11601
1.0,4,55.130015
3.0,19,55.177751
4.0,14,55.210608
0.0,2,55.222382
3.0,14,55.256788
0.0,3,55.266406
4.0,12,55.300256
4.0,32,55.371267
1.0,9,55.397173
1.0,6,55.417157
1.0,11,55.450227
3.0,12,55.484357
3.0,12,55.517072
1.0,8,55.541656
3.0,14,55.578502
2.0,15,55.620581
2.0,9,55.646557
0.0,3,55.660475
4.0,19,55.706763
2.0,9,55.729707
6.0,30,55.796674
2.0,15,55.834583
2.0,12,55.865426
3.0,17,55.903093
4.0,18,55.946854
3.0,14,55.985745
2.0,16,56.027443
2.0,9,56.053794
0.0,9,56.075655
2.0,18,56.119769
2.0,6,56.139234
3.0,33,56.216829
3.0,12,56.249425
3.0,16,56.287342
4.0,30,56.358615
4.0,14,56.396593
2.0,8,56.423766
2.0,7,56.445647
2.0,20,56.496568
0.0,3,56.510231
0.0,3,56.521
4.0,21,56.571891
4.0,15,56.615085
2.0,26,56.675747
5.0,22,56.728539
4.0,26,56.789305
3.0,19,56.838177
1.0,11,56.869434
1.0,12,56.901421
3.0,14,56.936886
3.0,13,56.968897
1.0,5,56.985996
4.0,20,57.030154
4.0,18,57.07825
0.0,3,57.091937
4.0,16,57.130275
2.0,15,57.168038
5.0,26,57.225934
4.0,16,57.266898
3.0,18,57.313143
2.0,12,57.34522
2.0,10,57.372411
1.0,6,57.392361
1.0,21,57.441636
1.0,6,57.464656
1.0,8,57.484955
2.0,10,57.510061
1.0,6,57.530672
3.0,13,57.563463
3.0,18,57.609441
1.0,8,57.631149
2.0,13,57.665538
0.0,3,57.676119
3.0,14,57.709386
7.0,25,57.759866
0.0,1,57.768423
3.0,19,57.817353
3.0,10,57.847583
4.0,22,57.898031
0.0,12,57.927958
5.0,24,57.985583
3.0,18,58.02973
1.0,7,58.055299
2.0,7,58.078032
5.0,23,58.132197
0.0,3,58.145525
3.0,15,58.180565
2.0,9,58.20745
1.0,5,58.225908
0.0,3,58.24158
1.0,9,58.267632
3.0,11,58.294079
2.0,11,58.324474
3.0,15,58.36326
0.0,3,58.376519
3.0,25,58.431586
3.0,10,58.456675
1.0,11,58.484521
3.0,17,58.527026
3.0,21,58.574143
3.0,26,58.640001
4.0,22,58.692496
0.0,2,58.702375
2.0,22,58.755019
1.0,12,58.784704
6.0,31,58.853313
3.0,11,58.885949
1.0,10,58.912576
4.0,13,58.947894
3.0,32,59.022485
3.0,20,59.067939
5.0,21,59.123316
1.0,9,59.152915
3.0,12,59.187522
0.0,6,59.205923
3.0,12,59.238339
2.0,20,59.283121
4.0,15,59.323414
2.0,12,59.355736
2.0,12,59.386525
2.0,23,59.441903
0.0,2,59.450901
3.0,17,59.497006
3.0,10,59.527109
1.0,5,59.543963
1.0,9,59.570369
0.0,3,59.583186
1.0,9,59.611223
3.0,14,59.648361
3.0,25,59.709571
1.0,6,59.728897
5.0,20,59.771826
5.0,31,59.842915
1.0,7,59.865701
4.0,17,59.905857
4.0,19,59.954348
2.0,8,59.977182
2.0,17,60.023493
2.0,9,60.050018
3.0,19,60.095618
0.0,5,60.111986
2.0,13,60.144461
2.0,9,60.17328
5.0,20,60.222764
0.0,3,60.235119
3.0,12,60.26774
1.0,5,60.287654
1.0,10,60.318491
4.0,17,60.360105
4.0,12,60.390416
3.0,12,60.422927
4.0,20,60.469247
0.0,3,60.484928
2.0,21,60.529892
2.0,8,60.553431
3.0,14,60.591166
0.0,3,60.603195
5.0,31,60.67995
2.0,12,60.711467
3.0,10,60.738719
4.0,12,60.774359
1.0,12,60.803136
3.0,22,60.860579
0.0,3,60.873188
4.0,17,60.918078
6.0,22,60.967872
0.0,4,60.983661
5.0,17,61.03034
1.0,8,61.056718
2.0,19,61.104423
0.0,3,61.114525
2.0,11,61.143639
7.0,36,61.22866
3.0,13,61.261947
2.0,10,61.289826
1.0,6,61.307525
1.0,6,61.33074
1.0,6,61.34896
2.0,10,61.376599
1.0,11,61.407272
0.0,3,61.420125
1.0,6,61.439959
2.0,9,61.467664
2.0,7,61.490778
2.0,16,61.533
3.0,22,61.58269
2.0,17,61.623504
1.0,8,61.648052
2.0,15,61.685233
2.0,8,61.707551
4.0,14,61.742673
4.0,16,61.785488
4.0,13,61.818888
1.0,6,61.837376
4.0,20,61.887175
3.0,23,61.939409
3.0,16,61.976477
2.0,11,62.007112
2.0,9,62.032593
1.0,6,62.051446
2.0,10,62.080759
2.0,12,62.111811
1.0,8,62.13592
7.0,29,62.207084
3.0,15,62.246049
4.0,17,62.286942
3.0,15,62.327615
8.0,35,62.407443
0.0,8,62.428898
4.0,20,62.479241
1.0,9,62.505394
2.0,9,62.529305
1.0,8,62.554327
4.0,16,62.598806
2.0,12,62.628521
3.0,15,62.667685
3.0,11,62.694401
2.0,13,62.729764
1.0,7,62.752562
4.0,24,62.813666
3.0,16,62.853514
4.0,14,62.893887
5.0,33,62.965711
2.0,11,63.000939
2.0,16,63.042056
3.0,26,63.104197
2.0,15,63.145912
4.0,23,63.197189
4.0,27,63.261084
3.0,27,63.319408
4.0,16,63.358284
3.0,14,63.398482
2.0,8,63.422928
2.0,22,63.474556
0.0,3,63.487429
2.0,17,63.52731
5.0,18,63.572112
4.0,12,63.605649
0.0,1,63.61371
2.0,10,63.641943
3.0,14,63.681412
3.0,23,63.742293
2.0,11,63.771166
3.0,16,63.811657
2.0,15,63.849539
4.0,12,63.880796
5.0,26,63.940729
