#{"t_start": 1651589491.544666, "env_id": null}
r,l,t
0.0,2,0.024218
0.0,3,0.037075
0.0,3,0.047699
0.0,2,0.058179
1.0,4,0.075581
0.0,1,0.083827
0.0,4,0.09704
0.0,1,0.105913
0.0,1,0.115329
0.0,2,0.126812
0.0,2,0.137065
0.0,2,0.148486
0.0,4,0.161416
0.0,1,0.170099
0.0,4,0.186497
0.0,1,0.19456
0.0,1,0.208033
0.0,1,0.216047
0.0,1,0.224606
0.0,4,0.238461
0.0,1,0.247324
0.0,1,0.25695
0.0,1,0.2648
0.0,2,0.276854
0.0,1,0.285146
0.0,1,0.293495
0.0,3,0.305826
0.0,2,0.317332
0.0,4,0.33071
0.0,2,0.341624
0.0,1,0.349926
0.0,1,0.359452
0.0,2,0.369594
0.0,2,0.380063
1.0,5,0.39708
0.0,2,0.408173
0.0,3,0.419536
0.0,3,0.432813
0.0,2,0.443404
0.0,2,0.4545
0.0,5,0.470247
0.0,1,0.479466
0.0,1,0.488091
2.0,7,0.507853
1.0,8,0.528386
1.0,4,0.541644
0.0,3,0.55382
1.0,6,0.572701
0.0,1,0.58086
0.0,1,0.58926
0.0,1,0.59733
0.0,1,0.605278
0.0,4,0.618572
0.0,3,0.629535
0.0,1,0.637806
0.0,4,0.650246
0.0,1,0.658226
0.0,1,0.666619
0.0,1,0.675019
0.0,2,0.686453
0.0,2,0.699848
0.0,2,0.710254
0.0,4,0.725887
0.0,1,0.734748
0.0,3,0.745505
1.0,6,0.764351
0.0,1,0.772177
0.0,3,0.785008
0.0,1,0.793902
0.0,1,0.80177
0.0,2,0.812527
0.0,2,0.823626
0.0,1,0.83182
0.0,1,0.840353
0.0,1,0.847386
0.0,2,0.858942
0.0,2,0.868715
0.0,4,0.881888
0.0,4,0.896356
0.0,4,0.91031
1.0,5,0.925819
0.0,3,0.937931
0.0,3,0.947486
0.0,3,0.959938
0.0,2,0.96835
0.0,1,0.976794
0.0,1,0.984746
0.0,3,0.997545
0.0,2,1.008226
0.0,4,1.02352
0.0,1,1.032027
0.0,4,1.046973
1.0,4,1.060933
0.0,1,1.069255
1.0,3,1.081558
0.0,2,1.093117
0.0,1,1.101794
0.0,1,1.11095
0.0,2,1.121123
0.0,2,1.131194
0.0,2,1.141177
0.0,4,1.155974
0.0,2,1.165809
0.0,2,1.176673
0.0,1,1.185387
0.0,2,1.194461
0.0,6,1.211649
0.0,3,1.22319
0.0,4,1.236263
0.0,3,1.247873
0.0,3,1.260315
0.0,1,1.268387
0.0,2,1.279378
0.0,2,1.290463
1.0,4,1.303722
1.0,6,1.322191
0.0,2,1.332041
0.0,1,1.34023
0.0,2,1.350438
1.0,8,1.372213
0.0,3,1.385072
0.0,3,1.39814
1.0,4,1.41262
0.0,1,1.421938
1.0,7,1.441575
0.0,2,1.452282
1.0,7,1.471849
0.0,1,1.481464
0.0,4,1.495414
0.0,1,1.503536
0.0,1,1.51187
0.0,3,1.524279
0.0,1,1.532401
0.0,1,1.541987
0.0,2,1.552617
0.0,2,1.563043
0.0,2,1.572812
1.0,4,1.586711
0.0,2,1.596704
0.0,1,1.605009
1.0,5,1.620703
1.0,6,1.637792
0.0,2,1.647372
0.0,2,1.656397
0.0,1,1.665931
0.0,1,1.675487
0.0,1,1.684066
0.0,1,1.692087
0.0,2,1.701882
1.0,6,1.718575
0.0,1,1.728772
0.0,1,1.737651
0.0,1,1.745737
1.0,6,1.762684
1.0,4,1.776875
0.0,3,1.788973
0.0,2,1.800535
2.0,8,1.822466
0.0,1,1.830364
1.0,3,1.842507
0.0,2,1.852116
0.0,2,1.862036
0.0,1,1.871158
0.0,1,1.88081
0.0,3,1.893272
0.0,2,1.902224
1.0,4,1.915854
1.0,4,1.9304
0.0,2,1.941463
1.0,6,1.957772
0.0,4,1.972447
0.0,2,1.984034
1.0,5,1.999929
0.0,2,2.010034
0.0,4,2.023319
0.0,1,2.032293
0.0,1,2.039737
0.0,1,2.048289
0.0,3,2.061419
0.0,2,2.070637
0.0,1,2.079467
0.0,2,2.08938
0.0,2,2.099917
0.0,2,2.110912
0.0,2,2.12038
0.0,2,2.130794
0.0,1,2.138973
0.0,1,2.147812
2.0,7,2.166517
0.0,2,2.1765
0.0,1,2.18514
0.0,1,2.193483
1.0,6,2.209939
1.0,9,2.235177
0.0,2,2.245375
0.0,1,2.253683
1.0,6,2.270898
0.0,3,2.283593
0.0,4,2.29714
0.0,1,2.305738
0.0,1,2.314698
1.0,4,2.328797
0.0,1,2.337579
1.0,3,2.349379
0.0,2,2.358585
0.0,3,2.371345
0.0,3,2.382306
0.0,2,2.391712
0.0,1,2.400598
1.0,5,2.417293
1.0,4,2.431863
0.0,1,2.440445
1.0,7,2.458614
0.0,1,2.467105
0.0,3,2.478249
1.0,6,2.496502
0.0,1,2.504994
0.0,1,2.512767
0.0,1,2.520687
1.0,5,2.535421
0.0,2,2.544154
0.0,2,2.554013
0.0,1,2.563296
1.0,7,2.582667
0.0,1,2.591275
0.0,2,2.601243
0.0,2,2.611983
0.0,3,2.624747
0.0,1,2.633295
0.0,4,2.648163
1.0,5,2.663299
0.0,1,2.672532
0.0,2,2.683105
0.0,1,2.691355
0.0,2,2.701273
0.0,2,2.713011
0.0,1,2.721955
1.0,4,2.735837
0.0,1,2.744949
0.0,2,2.755172
0.0,1,2.762956
0.0,5,2.779208
0.0,2,2.789286
1.0,4,2.803474
0.0,4,2.816842
0.0,2,2.827688
0.0,2,2.837488
0.0,2,2.847149
0.0,3,2.859607
2.0,9,2.881725
1.0,7,2.901848
0.0,1,2.910542
1.0,9,2.934286
0.0,1,2.942836
0.0,4,2.956242
0.0,1,2.964729
0.0,2,2.975036
0.0,2,2.985879
1.0,5,3.001019
0.0,2,3.011319
0.0,3,3.024093
0.0,1,3.032986
0.0,3,3.045064
0.0,6,3.061509
0.0,1,3.06976
0.0,6,3.088184
0.0,1,3.096126
0.0,2,3.106676
0.0,2,3.116825
0.0,1,3.125817
0.0,4,3.140086
0.0,2,3.151201
0.0,3,3.162691
1.0,5,3.179326
0.0,2,3.190469
0.0,2,3.199917
0.0,1,3.208751
0.0,2,3.219865
0.0,1,3.227198
0.0,2,3.236865
1.0,6,3.255575
0.0,2,3.265718
0.0,1,3.274683
0.0,1,3.283916
0.0,2,3.293332
0.0,2,3.304133
1.0,8,3.326478
1.0,4,3.341443
0.0,2,3.351471
0.0,1,3.360671
1.0,4,3.374664
0.0,1,3.382749
0.0,3,3.392599
0.0,1,3.402016
0.0,2,3.412328
0.0,1,3.421086
0.0,2,3.432154
0.0,2,3.443495
0.0,1,3.45172
0.0,5,3.466314
1.0,5,3.481642
0.0,1,3.489196
0.0,1,3.497076
1.0,4,3.512459
0.0,3,3.524855
0.0,1,3.533923
1.0,4,3.547404
0.0,1,3.556364
0.0,2,3.566082
0.0,4,3.578744
0.0,1,3.587379
0.0,2,3.598153
0.0,1,3.606855
0.0,1,3.615238
0.0,2,3.625534
0.0,3,3.638437
0.0,3,3.651853
0.0,2,3.661445
0.0,2,3.671536
0.0,3,3.685005
0.0,2,3.694331
0.0,2,3.704048
0.0,2,3.713998
0.0,2,3.723609
0.0,2,3.733109
0.0,2,3.741462
0.0,3,3.75276
0.0,4,3.765424
0.0,1,3.773606
0.0,2,3.783236
0.0,1,3.791384
0.0,1,3.799455
0.0,3,3.81285
0.0,2,3.823751
0.0,1,3.83203
0.0,1,3.841008
0.0,2,3.850814
0.0,1,3.858967
0.0,1,3.867114
1.0,7,3.885008
1.0,5,3.901126
0.0,2,3.911264
0.0,1,3.920666
0.0,5,3.93659
0.0,2,3.946797
0.0,1,3.954782
0.0,4,3.968303
1.0,4,3.983023
0.0,2,3.992985
0.0,4,4.007057
0.0,1,4.01461
0.0,2,4.024459
0.0,2,4.033883
0.0,3,4.045362
0.0,3,4.057305
0.0,3,4.070496
0.0,2,4.08028
0.0,2,4.091251
0.0,1,4.099689
1.0,3,4.112952
0.0,3,4.125278
0.0,9,4.147955
0.0,1,4.155794
0.0,1,4.164279
0.0,2,4.174096
0.0,1,4.183574
0.0,4,4.196437
0.0,2,4.206347
0.0,2,4.216687
0.0,2,4.228228
3.0,13,4.257063
1.0,5,4.273937
0.0,1,4.282668
0.0,2,4.292364
0.0,1,4.300314
0.0,1,4.308754
0.0,3,4.320895
0.0,1,4.328866
1.0,6,4.346617
0.0,3,4.358673
0.0,2,4.368632
0.0,3,4.379176
0.0,1,4.387249
0.0,1,4.395677
0.0,2,4.405014
0.0,1,4.413537
0.0,1,4.42271
0.0,2,4.433286
1.0,6,4.452123
0.0,3,4.463503
0.0,1,4.471849
0.0,1,4.480341
0.0,1,4.48905
0.0,1,4.497064
0.0,3,4.508608
1.0,5,4.524982
0.0,2,4.534617
0.0,1,4.544011
2.0,7,4.563768
0.0,3,4.575397
0.0,3,4.587462
0.0,1,4.596039
1.0,8,4.618671
2.0,8,4.639472
0.0,1,4.648441
0.0,1,4.657219
0.0,2,4.667992
0.0,1,4.676557
0.0,1,4.68392
0.0,1,4.693302
1.0,7,4.711506
0.0,1,4.720239
0.0,2,4.730081
0.0,1,4.738073
0.0,1,4.74707
0.0,3,4.759214
0.0,3,4.771033
0.0,3,4.783425
0.0,2,4.793726
1.0,3,4.806776
0.0,1,4.815216
1.0,3,4.826881
1.0,3,4.83969
0.0,3,4.852105
0.0,4,4.865518
1.0,4,4.8794
0.0,1,4.887195
0.0,1,4.896057
0.0,2,4.904798
0.0,1,4.914133
0.0,3,4.92657
0.0,4,4.940558
0.0,1,4.94857
1.0,5,4.965342
0.0,1,4.974053
0.0,1,4.982753
0.0,1,4.992441
0.0,2,5.002558
0.0,1,5.011788
0.0,2,5.022972
0.0,4,5.037191
0.0,5,5.05439
0.0,3,5.06521
1.0,6,5.082138
0.0,1,5.090335
0.0,2,5.101359
0.0,1,5.109445
0.0,1,5.117931
0.0,3,5.129964
0.0,1,5.138428
0.0,1,5.146438
0.0,1,5.155143
0.0,1,5.163785
0.0,3,5.176502
0.0,3,5.188922
0.0,2,5.198625
0.0,2,5.209579
0.0,3,5.220968
0.0,2,5.232056
0.0,2,5.241763
0.0,2,5.251621
0.0,2,5.260993
1.0,5,5.276487
0.0,2,5.287822
0.0,1,5.296288
0.0,1,5.304589
0.0,1,5.313612
0.0,3,5.326515
0.0,1,5.334532
0.0,6,5.352161
0.0,2,5.363342
1.0,4,5.377764
0.0,3,5.389272
0.0,3,5.400857
0.0,4,5.414648
0.0,3,5.426388
0.0,3,5.437867
0.0,2,5.447874
0.0,3,5.460026
0.0,1,5.468911
0.0,1,5.477556
0.0,3,5.489443
0.0,2,5.499463
1.0,8,5.518776
0.0,1,5.527662
0.0,1,5.536433
0.0,1,5.54523
0.0,2,5.555361
0.0,1,5.564086
1.0,6,5.582395
0.0,1,5.591897
0.0,2,5.602202
1.0,5,5.618902
0.0,1,5.627684
0.0,3,5.636645
0.0,2,5.647735
0.0,3,5.660315
1.0,8,5.683246
0.0,2,5.693112
0.0,4,5.710085
0.0,1,5.718413
0.0,3,5.731393
0.0,1,5.739431
0.0,1,5.747294
0.0,1,5.756202
1.0,5,5.771941
1.0,3,5.785295
0.0,1,5.793604
1.0,5,5.808658
0.0,1,5.81746
0.0,1,5.82557
0.0,3,5.836597
0.0,3,5.847809
1.0,7,5.866178
0.0,4,5.880049
0.0,1,5.888634
0.0,2,5.898805
0.0,1,5.907114
0.0,1,5.9152
0.0,1,5.923839
0.0,2,5.933709
0.0,3,5.944815
0.0,3,5.956109
0.0,1,5.964267
1.0,7,5.981811
0.0,1,5.991146
0.0,7,6.00873
0.0,1,6.017635
0.0,1,6.026113
1.0,6,6.043621
0.0,6,6.060949
0.0,2,6.072744
0.0,1,6.08122
0.0,5,6.097666
2.0,10,6.123557
0.0,2,6.133408
0.0,1,6.142313
0.0,2,6.152435
1.0,8,6.172778
0.0,2,6.184306
0.0,3,6.197012
1.0,5,6.210846
2.0,10,6.236199
0.0,2,6.24666
0.0,1,6.2552
0.0,1,6.264082
0.0,3,6.277406
0.0,1,6.286018
0.0,1,6.29382
1.0,9,6.316238
1.0,6,6.332599
0.0,2,6.343597
0.0,5,6.36067
0.0,2,6.371684
0.0,1,6.37976
0.0,1,6.388906
0.0,1,6.39641
0.0,2,6.407013
0.0,3,6.419236
1.0,3,6.431812
0.0,1,6.440053
1.0,4,6.454589
0.0,2,6.464503
1.0,4,6.478885
0.0,1,6.486505
0.0,7,6.504426
1.0,3,6.516717
0.0,2,6.527133
0.0,3,6.539998
0.0,3,6.551421
0.0,1,6.559549
1.0,3,6.57174
0.0,1,6.579156
0.0,1,6.588485
0.0,3,6.600419
0.0,2,6.610932
1.0,9,6.633554
0.0,4,6.646247
3.0,10,6.670143
1.0,4,6.68494
0.0,3,6.696774
0.0,1,6.705829
1.0,4,6.719678
0.0,2,6.730697
0.0,2,6.741472
0.0,8,6.762053
0.0,2,6.771792
0.0,1,6.78109
0.0,1,6.789214
0.0,2,6.799804
0.0,4,6.812325
0.0,2,6.821393
0.0,4,6.834919
0.0,3,6.847985
1.0,5,6.862969
0.0,2,6.872591
0.0,1,6.880979
0.0,2,6.890975
0.0,1,6.899498
0.0,2,6.909403
0.0,1,6.917657
0.0,3,6.930498
0.0,2,6.940725
1.0,4,6.954514
0.0,1,6.963508
0.0,1,6.972439
0.0,1,6.981754
0.0,1,6.98992
0.0,2,7.00024
0.0,3,7.013062
0.0,1,7.02137
0.0,2,7.031924
0.0,3,7.044585
1.0,3,7.057591
0.0,3,7.07098
0.0,1,7.078945
0.0,1,7.087019
0.0,3,7.098461
1.0,6,7.11638
0.0,2,7.126678
0.0,1,7.134694
0.0,6,7.152285
1.0,5,7.168957
1.0,6,7.186882
0.0,1,7.194247
0.0,3,7.206868
0.0,1,7.215042
0.0,2,7.22627
0.0,1,7.234399
0.0,1,7.243418
0.0,4,7.254718
0.0,2,7.265532
0.0,4,7.28011
0.0,6,7.29771
0.0,1,7.305373
0.0,1,7.313337
0.0,2,7.322445
0.0,1,7.332259
1.0,4,7.345435
2.0,7,7.365385
0.0,2,7.37415
0.0,3,7.387591
0.0,1,7.395929
0.0,3,7.408631
0.0,3,7.421342
1.0,6,7.438085
0.0,1,7.445805
0.0,3,7.458316
0.0,5,7.474626
0.0,1,7.483541
0.0,2,7.494004
0.0,1,7.502878
0.0,1,7.511666
1.0,5,7.52797
0.0,2,7.53792
0.0,6,7.556422
1.0,4,7.570503
2.0,6,7.588319
0.0,1,7.59697
1.0,6,7.615303
0.0,7,7.634511
0.0,2,7.644305
0.0,2,7.655326
1.0,4,7.669573
0.0,1,7.678239
0.0,2,7.688106
1.0,7,7.70659
0.0,1,7.715152
0.0,2,7.725633
1.0,7,7.745303
0.0,1,7.754127
0.0,1,7.763309
0.0,1,7.771183
1.0,4,7.785699
0.0,2,7.796245
0.0,1,7.805216
0.0,1,7.813431
1.0,4,7.827581
1.0,5,7.842696
0.0,1,7.851713
0.0,3,7.86367
1.0,7,7.884268
1.0,4,7.89812
0.0,2,7.907953
0.0,7,7.928097
0.0,3,7.940628
1.0,4,7.955311
0.0,3,7.967676
0.0,6,7.98541
0.0,1,7.994409
0.0,1,8.002684
0.0,4,8.017615
0.0,1,8.026862
0.0,2,8.038944
0.0,3,8.050691
0.0,1,8.059516
0.0,3,8.072315
1.0,5,8.089114
0.0,2,8.099107
0.0,2,8.108397
1.0,5,8.124248
0.0,1,8.133151
1.0,9,8.157264
0.0,3,8.169488
0.0,2,8.178766
0.0,2,8.188244
0.0,1,8.195887
0.0,1,8.205346
0.0,1,8.213009
0.0,1,8.221762
0.0,3,8.234142
0.0,2,8.244435
0.0,1,8.251693
0.0,6,8.268941
1.0,4,8.282899
0.0,2,8.291629
0.0,1,8.299604
1.0,5,8.315867
0.0,2,8.326322
0.0,1,8.334556
0.0,2,8.344818
0.0,1,8.353826
0.0,2,8.364531
0.0,5,8.380492
0.0,1,8.387892
1.0,5,8.40501
0.0,3,8.416644
0.0,2,8.427578
0.0,3,8.440582
0.0,6,8.459237
0.0,5,8.475066
0.0,1,8.484777
0.0,1,8.492771
1.0,8,8.513798
1.0,4,8.528473
0.0,3,8.542049
0.0,1,8.550874
0.0,2,8.562053
0.0,3,8.574215
0.0,2,8.583397
0.0,1,8.591628
0.0,2,8.601925
0.0,1,8.610334
1.0,7,8.628232
0.0,3,8.640644
0.0,1,8.649265
0.0,3,8.661667
0.0,2,8.671036
1.0,5,8.687443
0.0,1,8.696935
0.0,3,8.708196
0.0,4,8.72111
0.0,3,8.734179
0.0,1,8.742815
0.0,1,8.75019
0.0,1,8.759756
1.0,5,8.77546
0.0,4,8.787639
0.0,3,8.799829
1.0,7,8.819469
0.0,1,8.827804
1.0,4,8.84217
0.0,3,9.637108
2.0,9,9.662064
1.0,4,9.676822
0.0,1,9.686537
0.0,10,9.713025
1.0,5,9.73108
1.0,6,9.748868
0.0,4,9.763833
1.0,6,9.782722
0.0,1,9.791585
0.0,3,9.8031
0.0,2,9.813323
0.0,3,9.825587
1.0,3,9.838116
2.0,8,9.860797
0.0,7,9.880718
1.0,7,9.900771
0.0,5,9.916385
0.0,1,9.924343
0.0,2,9.934058
0.0,1,9.94176
1.0,9,9.964404
0.0,2,9.973653
0.0,3,9.986876
0.0,1,9.995528
1.0,4,10.010525
0.0,3,10.023818
0.0,3,10.036827
0.0,2,10.045927
0.0,8,10.066738
0.0,2,10.077274
0.0,1,10.086654
1.0,4,10.123263
0.0,2,10.137032
0.0,3,10.149655
0.0,1,10.158633
1.0,4,10.170838
0.0,1,10.178987
0.0,8,10.201606
1.0,4,10.217424
0.0,2,10.227783
0.0,2,10.238746
0.0,3,10.250445
0.0,2,10.259537
0.0,3,10.271004
0.0,2,10.281974
0.0,1,10.291429
2.0,7,10.31227
0.0,2,10.322031
0.0,2,10.332473
0.0,2,10.343177
2.0,8,10.366626
1.0,5,10.382528
1.0,4,10.396492
0.0,1,10.404531
0.0,4,10.417496
0.0,4,10.43139
1.0,4,10.44662
2.0,9,10.493564
1.0,4,10.507642
0.0,3,10.518496
0.0,1,10.527423
0.0,3,10.539525
0.0,1,10.547181
0.0,1,10.555246
2.0,8,10.576008
0.0,9,10.61872
1.0,7,10.643365
0.0,2,10.653832
0.0,1,10.662381
0.0,3,10.674581
0.0,1,10.684002
0.0,3,10.69565
0.0,2,10.718117
0.0,3,10.744603
0.0,3,10.75953
0.0,1,10.766921
0.0,1,10.77641
0.0,3,10.788371
1.0,11,10.816283
1.0,5,10.832731
0.0,1,10.841132
0.0,1,10.848936
0.0,1,10.857091
0.0,3,10.868465
0.0,1,10.876716
1.0,8,10.898247
0.0,3,10.910838
0.0,4,10.92486
1.0,4,10.939555
0.0,3,10.952235
0.0,4,10.965814
0.0,3,10.978361
0.0,2,10.987584
0.0,1,10.996549
0.0,3,11.008691
0.0,2,11.017796
0.0,1,11.02709
0.0,1,11.035671
0.0,1,11.043565
0.0,1,11.052195
0.0,2,11.062348
0.0,2,11.071351
0.0,3,11.084614
1.0,5,11.117829
0.0,3,11.137227
0.0,1,11.145494
0.0,1,11.15346
0.0,3,11.165427
0.0,2,11.176142
0.0,2,11.187104
0.0,2,11.196728
0.0,9,11.219823
1.0,7,11.23951
0.0,3,11.251418
0.0,2,11.26185
0.0,4,11.274253
0.0,1,11.28247
1.0,15,11.315655
0.0,2,11.326804
0.0,3,11.338124
0.0,3,11.351799
0.0,5,11.367612
1.0,3,11.379968
1.0,11,11.405548
0.0,2,11.417017
1.0,5,11.432779
0.0,2,11.442409
0.0,2,11.452772
1.0,9,11.473
0.0,2,11.483207
0.0,1,11.492139
2.0,8,11.512857
0.0,5,11.528947
0.0,2,11.538007
0.0,2,11.54944
1.0,4,11.563435
1.0,6,11.58121
0.0,2,11.591239
0.0,2,11.602362
0.0,4,11.617298
0.0,2,11.627934
0.0,1,11.636045
0.0,2,11.64625
0.0,5,11.662133
0.0,2,11.673762
1.0,6,11.692501
0.0,3,11.705391
0.0,1,11.714479
0.0,1,11.722878
0.0,1,11.731495
0.0,3,11.741538
0.0,4,11.755105
0.0,2,11.765046
0.0,1,11.773262
0.0,3,11.786768
0.0,1,11.795195
3.0,15,11.829837
0.0,4,11.842151
0.0,3,11.853928
0.0,1,11.862051
0.0,1,11.870729
1.0,4,11.884476
2.0,6,11.902543
0.0,1,11.911758
0.0,1,11.919855
0.0,2,11.928907
0.0,3,11.939645
1.0,5,11.956946
1.0,4,11.971521
0.0,1,11.979952
0.0,1,11.988692
0.0,2,11.997737
0.0,7,12.015301
0.0,1,12.024619
1.0,4,12.038952
0.0,1,12.048125
0.0,1,12.057576
0.0,3,12.069923
0.0,1,12.078809
0.0,3,12.089581
0.0,2,12.10047
0.0,2,12.110021
2.0,7,12.130085
1.0,5,12.146331
0.0,2,12.15718
0.0,2,12.167635
1.0,3,12.180215
0.0,2,12.190654
0.0,2,12.200963
1.0,6,12.218092
1.0,4,12.233199
1.0,4,12.247622
0.0,3,12.260246
0.0,3,12.271965
0.0,1,12.28095
0.0,3,12.294205
0.0,3,12.304322
0.0,3,12.315974
0.0,3,12.325832
0.0,3,12.338906
0.0,2,12.348784
0.0,6,12.366088
2.0,9,12.388983
1.0,4,12.403636
2.0,7,12.424249
0.0,1,12.431777
0.0,1,12.440136
1.0,4,12.452843
0.0,1,12.462665
0.0,1,12.470903
0.0,1,12.479915
0.0,2,12.491191
1.0,5,12.507629
0.0,1,12.515977
1.0,3,12.528222
1.0,6,12.546124
0.0,2,12.556433
0.0,2,12.565853
0.0,2,12.577524
0.0,2,12.586413
0.0,1,12.595167
0.0,2,12.604599
0.0,2,12.614776
1.0,3,12.628173
1.0,6,12.644933
0.0,1,12.65381
2.0,9,12.677958
0.0,3,12.689445
0.0,6,12.707139
0.0,2,12.717418
0.0,1,12.726339
0.0,2,12.736297
0.0,2,12.746421
1.0,6,12.763686
0.0,5,12.778123
0.0,2,12.787272
0.0,3,12.799853
0.0,2,12.809636
0.0,2,12.818804
0.0,1,12.827334
0.0,3,12.838769
0.0,1,12.84657
0.0,1,12.855176
0.0,3,12.868454
0.0,1,12.876152
1.0,5,12.887954
0.0,1,12.896234
0.0,1,12.904404
0.0,1,12.912225
0.0,3,12.924663
0.0,2,12.936015
0.0,1,12.944229
2.0,10,12.970245
0.0,2,12.979894
0.0,2,12.98941
1.0,5,13.00481
0.0,2,13.016
0.0,2,13.02668
0.0,1,13.03534
2.0,8,13.055963
1.0,4,13.070017
1.0,7,13.088073
0.0,1,13.096632
0.0,3,13.107317
0.0,1,13.116419
0.0,1,13.124459
0.0,4,13.139273
0.0,1,13.148116
0.0,1,13.15625
0.0,1,13.164809
0.0,3,13.176757
0.0,1,13.185763
1.0,5,13.200242
0.0,4,13.21535
0.0,1,13.223751
0.0,7,13.242529
0.0,3,13.254065
2.0,10,13.278673
0.0,1,13.286814
0.0,2,13.297714
0.0,1,13.306342
1.0,5,13.320595
0.0,1,13.331014
1.0,5,13.348727
1.0,6,13.367063
0.0,1,13.37517
1.0,8,13.397053
0.0,5,13.413313
0.0,2,13.424146
0.0,3,13.434937
0.0,1,13.444138
0.0,4,13.456856
0.0,3,13.468842
0.0,1,13.477239
0.0,1,13.485679
0.0,3,13.497724
0.0,1,13.505867
0.0,1,13.514549
0.0,1,13.523251
0.0,3,13.535428
0.0,2,13.546566
2.0,8,13.566545
0.0,1,13.574628
1.0,9,13.598279
0.0,1,13.608164
0.0,1,13.61679
0.0,2,13.626926
0.0,6,13.643243
0.0,2,13.653556
0.0,3,13.664958
2.0,8,13.68661
0.0,4,13.700142
1.0,7,13.722355
0.0,4,13.736414
0.0,6,13.75572
0.0,3,13.767584
0.0,1,13.777013
0.0,1,13.784452
0.0,2,13.793965
1.0,5,13.809695
0.0,3,13.822589
0.0,1,13.830441
2.0,7,13.849249
0.0,3,13.861911
0.0,1,13.871141
0.0,4,13.884373
0.0,2,13.895118
1.0,5,13.911329
0.0,1,13.918834
1.0,4,13.932366
0.0,1,13.94057
1.0,6,13.957982
0.0,2,13.967072
0.0,3,13.9793
1.0,5,13.99627
0.0,3,14.007603
0.0,1,14.016215
0.0,1,14.024737
0.0,1,14.033849
0.0,3,14.045635
0.0,3,14.058343
1.0,7,14.077267
0.0,3,14.089189
0.0,1,14.097632
0.0,1,14.105604
0.0,1,14.113529
0.0,2,14.123799
0.0,1,14.132264
0.0,3,14.143959
0.0,1,14.151773
1.0,4,14.165772
0.0,3,14.177377
1.0,5,14.192878
0.0,3,14.204117
0.0,3,14.275285
0.0,2,14.285866
0.0,1,14.293331
0.0,2,14.303432
0.0,3,14.315717
0.0,1,14.324646
0.0,2,14.334277
0.0,2,14.34373
0.0,6,14.362269
0.0,3,14.373834
0.0,2,14.384671
1.0,5,14.400002
0.0,4,14.413552
1.0,5,14.42842
2.0,9,14.451622
0.0,4,14.466423
0.0,2,14.476784
0.0,3,14.489345
0.0,2,14.49895
1.0,6,14.51722
0.0,2,14.527349
0.0,1,14.534613
1.0,5,14.549975
0.0,1,14.557714
0.0,3,14.570956
0.0,1,14.578674
0.0,1,14.588113
0.0,5,14.603891
0.0,1,14.612005
0.0,5,14.626065
1.0,5,14.643147
0.0,2,14.653579
1.0,3,14.665397
0.0,7,14.684338
1.0,5,14.698495
0.0,1,14.706443
0.0,3,14.718402
0.0,2,14.72954
0.0,3,14.740937
0.0,3,14.751714
0.0,1,14.760287
1.0,9,14.784258
0.0,1,14.791999
0.0,1,14.801126
0.0,1,14.809281
0.0,3,14.820117
1.0,6,14.839882
0.0,1,14.848152
0.0,4,14.862886
0.0,3,14.876074
0.0,3,14.887246
0.0,2,14.896646
1.0,5,14.912306
0.0,4,14.924195
0.0,4,14.936926
1.0,7,14.957132
0.0,6,14.974005
0.0,1,14.982857
0.0,1,14.991494
0.0,2,15.000785
0.0,1,15.008908
1.0,4,15.020409
0.0,4,15.03354
0.0,1,15.041684
0.0,1,15.050791
1.0,4,15.066082
1.0,4,15.078726
0.0,1,15.087666
0.0,4,15.101006
0.0,1,15.109415
0.0,2,15.122041
0.0,2,15.131952
0.0,3,15.144017
1.0,4,15.158647
1.0,8,15.180368
0.0,2,15.189854
0.0,1,15.198672
0.0,2,15.209368
0.0,2,15.218347
1.0,7,15.238231
1.0,8,15.260405
0.0,1,15.268321
1.0,5,15.285067
0.0,3,15.295918
0.0,1,15.304965
0.0,1,15.313376
0.0,3,15.325387
0.0,3,15.337578
0.0,1,15.346147
0.0,2,15.357059
0.0,1,15.365497
0.0,1,15.373683
1.0,4,15.387378
1.0,5,15.403811
0.0,3,15.415413
1.0,6,15.432095
2.0,10,15.457624
0.0,3,15.469747
0.0,1,15.478778
0.0,1,15.486634
0.0,2,15.497108
0.0,1,15.504607
0.0,1,15.513452
1.0,5,15.529981
2.0,9,15.553997
0.0,4,15.566695
0.0,3,15.578057
0.0,2,15.586863
0.0,1,15.595018
0.0,1,15.603083
0.0,4,15.61606
0.0,1,15.623731
0.0,1,15.631397
0.0,1,15.639822
1.0,6,15.65731
1.0,5,15.67425
1.0,6,15.692419
1.0,7,15.714483
1.0,4,15.729015
0.0,1,15.737567
0.0,1,15.74577
0.0,1,15.753367
0.0,2,15.762506
0.0,1,15.770047
1.0,9,15.7946
2.0,9,15.817579
0.0,1,15.826491
1.0,3,15.837444
0.0,3,15.848688
0.0,2,15.857192
1.0,4,15.870775
0.0,2,15.880276
1.0,5,15.895676
2.0,9,15.918944
0.0,3,15.932088
0.0,2,15.941001
1.0,8,15.96294
0.0,2,15.972582
0.0,3,15.984875
2.0,9,16.007844
0.0,3,16.021025
0.0,5,16.035192
0.0,3,16.046372
1.0,6,16.063956
2.0,6,16.08297
0.0,3,16.094664
1.0,5,16.111434
0.0,3,16.122326
0.0,2,16.132101
0.0,4,16.146047
0.0,2,16.157269
1.0,6,16.175833
1.0,4,16.190046
2.0,9,16.213566
1.0,6,16.232397
0.0,3,16.243192
2.0,10,16.26899
0.0,2,16.279655
0.0,4,16.293051
0.0,1,16.301301
0.0,2,16.310899
0.0,3,16.323784
1.0,4,16.337993
0.0,1,16.346816
1.0,6,16.364859
2.0,9,16.387594
1.0,9,16.411124
0.0,1,16.419182
0.0,2,16.429515
1.0,4,16.444191
1.0,4,16.458719
0.0,1,16.467216
0.0,1,16.475664
0.0,3,16.488081
0.0,4,16.501958
1.0,4,16.515959
0.0,2,16.526692
0.0,3,16.537654
1.0,4,16.551867
0.0,5,16.567924
0.0,2,16.578176
0.0,2,16.588772
0.0,1,16.596935
0.0,3,16.60903
0.0,3,16.620749
0.0,1,16.628941
0.0,1,16.636556
0.0,3,16.648199
0.0,3,16.660142
0.0,1,16.66779
0.0,2,16.677486
0.0,1,16.685481
0.0,4,16.697992
0.0,7,16.716618
0.0,1,16.726545
1.0,8,16.747782
0.0,1,16.756899
0.0,1,16.765159
0.0,1,16.773794
0.0,2,16.783438
0.0,2,16.793974
0.0,5,16.810148
0.0,3,16.822639
0.0,2,16.83331
0.0,2,16.843847
1.0,4,16.857162
0.0,3,16.86938
0.0,1,16.877429
0.0,3,16.889394
1.0,3,16.900252
0.0,2,16.910128
0.0,1,16.919246
0.0,4,16.932829
0.0,1,16.941353
1.0,4,16.955959
1.0,5,16.972012
0.0,3,16.984709
0.0,1,16.992608
1.0,3,17.004635
1.0,6,17.022085
0.0,3,17.034001
1.0,5,17.050712
1.0,6,17.068476
0.0,4,17.083025
1.0,4,17.096339
0.0,1,17.104846
0.0,2,17.116246
1.0,4,17.130392
0.0,2,17.140906
0.0,5,17.156494
0.0,1,17.165458
0.0,5,17.181834
0.0,1,17.19014
0.0,2,17.200096
0.0,8,17.220508
0.0,2,17.231352
1.0,6,17.248782
0.0,5,17.262756
0.0,3,17.275911
0.0,1,17.283521
1.0,5,17.299304
0.0,1,17.308132
0.0,4,17.323502
0.0,3,17.336422
0.0,1,17.344736
0.0,6,17.360242
0.0,1,17.3684
0.0,3,17.379106
0.0,2,17.388783
2.0,8,17.408941
0.0,6,17.425777
0.0,6,17.442675
0.0,1,17.451369
0.0,5,17.467558
0.0,3,17.479638
1.0,5,17.495398
2.0,8,17.518053
0.0,1,17.52648
0.0,1,17.535464
0.0,4,17.548894
1.0,4,17.562303
0.0,2,17.572385
0.0,3,17.585354
0.0,2,17.593996
2.0,7,17.614108
0.0,2,17.622637
0.0,1,17.630803
0.0,1,17.639443
0.0,2,17.649165
0.0,3,17.661946
1.0,5,17.67874
0.0,2,17.688477
1.0,5,17.705042
0.0,3,17.717105
0.0,5,18.512414
0.0,1,18.520467
0.0,2,18.530426
0.0,2,18.541141
0.0,2,18.551129
1.0,11,18.579016
0.0,1,18.587379
0.0,5,18.604395
1.0,5,18.624008
1.0,6,18.641973
0.0,1,18.650622
1.0,6,18.670163
1.0,7,18.691353
1.0,6,18.710727
3.0,8,18.731845
0.0,2,18.741725
0.0,8,18.763234
1.0,8,18.784534
0.0,3,18.796232
0.0,3,18.808151
0.0,2,18.817672
0.0,2,18.828196
0.0,1,18.837175
0.0,3,18.849075
0.0,3,18.860252
0.0,3,18.871067
0.0,5,18.886404
2.0,7,18.90631
0.0,5,18.920418
0.0,1,18.928656
0.0,9,18.952263
0.0,1,18.960447
0.0,1,18.969013
0.0,1,18.978388
0.0,2,18.988777
0.0,1,18.996995
0.0,2,19.007935
0.0,2,19.018201
0.0,1,19.026816
0.0,1,19.035661
0.0,4,19.048001
0.0,1,19.056141
2.0,9,19.080191
0.0,2,19.088849
0.0,1,19.098177
0.0,3,19.110155
0.0,2,19.120605
0.0,8,19.140392
0.0,1,19.148137
0.0,1,19.156419
2.0,15,19.192209
0.0,3,19.202766
0.0,6,19.218956
0.0,1,19.227278
0.0,4,19.241988
0.0,6,19.258439
0.0,2,19.268233
0.0,1,19.277125
1.0,6,19.295514
1.0,4,19.308965
1.0,6,19.327137
0.0,2,19.337201
0.0,1,19.344802
1.0,8,19.366514
0.0,1,19.375186
0.0,1,19.382591
0.0,1,19.39119
0.0,3,19.402987
1.0,8,19.426068
0.0,8,19.446571
0.0,3,19.45744
0.0,3,19.469064
0.0,5,19.485214
0.0,2,19.49466
0.0,1,19.503263
1.0,7,19.520579
2.0,9,19.544482
1.0,13,19.573537
0.0,1,19.58152
0.0,3,19.59341
0.0,2,19.603858
1.0,4,19.618438
0.0,2,19.628036
0.0,1,19.636432
0.0,3,19.647913
0.0,3,19.657628
0.0,2,19.667787
1.0,4,19.68312
0.0,1,19.691685
2.0,17,19.728657
1.0,4,19.742925
0.0,7,19.763095
0.0,2,19.77411
0.0,2,19.784563
1.0,4,19.798937
0.0,3,19.810542
0.0,2,19.820947
0.0,1,19.829321
1.0,5,19.844401
0.0,2,19.85367
0.0,8,19.873484
0.0,1,19.882899
1.0,14,19.915664
0.0,5,19.931301
0.0,2,19.942528
2.0,10,19.967325
0.0,2,19.976743
0.0,1,19.985322
0.0,3,19.99709
0.0,2,20.005846
0.0,3,20.017382
1.0,5,20.032098
1.0,5,20.048746
0.0,1,20.056485
1.0,6,20.073087
2.0,7,20.089781
0.0,3,20.103526
0.0,4,20.116943
0.0,1,20.125362
0.0,3,20.137758
1.0,4,20.151255
0.0,1,20.159302
0.0,2,20.169245
0.0,2,20.17847
0.0,1,20.187088
0.0,4,20.201555
0.0,1,20.209671
1.0,4,20.222894
1.0,5,20.239478
1.0,11,20.266711
0.0,2,20.276807
0.0,2,20.287452
2.0,9,20.309892
0.0,2,20.31889
1.0,4,20.332211
1.0,5,20.347758
0.0,3,20.36071
1.0,8,20.382033
0.0,3,20.39413
0.0,1,20.402595
0.0,3,20.414388
0.0,1,20.422119
0.0,2,20.431947
0.0,2,20.442237
0.0,1,20.45129
0.0,4,20.463247
1.0,4,20.477741
0.0,1,20.486204
2.0,6,20.502034
0.0,1,20.509806
0.0,5,20.525738
0.0,2,20.535568
1.0,5,20.551898
0.0,3,20.563345
1.0,9,20.587568
0.0,2,20.598332
0.0,2,20.60794
1.0,4,20.621222
2.0,8,20.641433
0.0,1,20.650188
0.0,2,20.660234
1.0,5,20.676969
0.0,2,20.686747
1.0,7,20.704586
0.0,3,20.717106
0.0,2,20.73457
0.0,2,20.744086
0.0,1,20.752637
0.0,2,20.76218
0.0,2,20.77281
0.0,1,20.782022
2.0,6,20.799313
0.0,2,20.810335
0.0,3,20.822443
0.0,2,20.833396
1.0,10,20.858668
0.0,3,20.870191
0.0,1,20.878283
1.0,6,20.896874
1.0,4,20.911026
0.0,6,20.927608
0.0,1,20.935752
2.0,7,20.955806
0.0,1,20.964381
0.0,1,20.972625
1.0,3,20.983759
0.0,1,20.992499
0.0,6,21.009301
0.0,1,21.017655
0.0,2,21.02661
0.0,1,21.035189
0.0,2,21.04363
0.0,3,21.056346
2.0,9,21.079753
0.0,1,21.087272
0.0,2,21.096571
1.0,5,21.113062
0.0,2,21.122326
0.0,2,21.132001
0.0,1,21.139924
0.0,4,21.152259
1.0,4,21.166543
1.0,4,21.180848
0.0,1,21.188831
0.0,1,21.197346
1.0,5,21.214248
0.0,1,21.222814
0.0,1,21.231099
0.0,3,21.24372
1.0,9,21.267567
2.0,12,21.296734
0.0,1,21.304922
0.0,1,21.314168
0.0,1,21.321739
0.0,6,21.337682
0.0,3,21.349191
0.0,1,21.358097
0.0,1,21.366651
0.0,1,21.374364
0.0,1,21.381861
1.0,6,21.400275
1.0,10,21.424237
0.0,3,21.436775
1.0,6,21.454434
0.0,6,21.472598
0.0,2,21.483492
0.0,3,21.495147
0.0,2,21.506082
0.0,1,21.515056
0.0,4,21.527121
0.0,1,21.536296
0.0,2,21.545918
0.0,4,21.558976
0.0,1,21.566762
0.0,2,21.576423
1.0,5,21.593282
1.0,7,21.614739
0.0,1,21.622715
1.0,6,21.642156
0.0,1,21.650357
0.0,2,21.66007
0.0,1,21.667799
1.0,7,21.690563
0.0,4,21.704235
0.0,7,21.724286
0.0,4,21.738507
0.0,4,21.751963
0.0,7,21.76926
0.0,3,21.77968
1.0,7,21.799572
0.0,2,21.808734
0.0,1,21.81593
0.0,4,21.82809
1.0,6,21.845071
0.0,1,21.853662
1.0,7,21.872495
0.0,1,21.880924
1.0,8,21.901423
3.0,16,21.934496
0.0,3,21.945321
0.0,1,21.953753
1.0,3,21.965915
0.0,1,21.974653
1.0,6,21.992114
1.0,4,22.003428
0.0,2,22.012479
1.0,3,22.024812
1.0,6,22.042854
0.0,1,22.051876
0.0,3,22.064861
0.0,2,22.075331
0.0,3,22.087796
0.0,1,22.095635
0.0,1,22.103667
0.0,3,22.114591
0.0,2,22.123743
0.0,3,22.135258
1.0,6,22.151872
0.0,3,22.164586
0.0,1,22.172537
0.0,2,22.182582
2.0,7,22.202757
2.0,10,22.228545
0.0,1,22.236041
1.0,5,22.251655
0.0,1,22.259984
0.0,1,22.268659
0.0,2,22.278532
0.0,2,22.28915
1.0,13,22.318354
0.0,4,22.333443
0.0,2,22.34333
0.0,4,22.357307
0.0,2,22.367435
2.0,14,22.399863
0.0,3,22.410651
0.0,4,22.425075
1.0,3,22.437346
0.0,4,22.451548
0.0,3,22.462969
0.0,1,22.470944
1.0,6,22.488627
0.0,1,22.497371
0.0,2,22.507957
0.0,1,22.517336
0.0,3,22.52867
0.0,4,22.543112
0.0,2,22.551979
0.0,5,22.568178
0.0,2,22.57797
0.0,1,22.586227
1.0,5,22.601736
0.0,1,22.609468
1.0,4,22.623371
0.0,1,22.631877
0.0,1,22.639282
0.0,11,22.664618
1.0,6,22.682764
0.0,6,22.700603
0.0,2,22.710769
0.0,3,22.721314
0.0,2,22.731466
0.0,1,22.739865
2.0,10,22.765601
0.0,2,22.775488
0.0,1,22.784018
0.0,1,22.792522
0.0,3,22.80369
2.0,13,22.8342
1.0,5,22.850539
1.0,6,22.869077
0.0,4,22.882896
0.0,4,22.896663
1.0,4,22.91096
1.0,5,22.924986
0.0,2,22.935451
1.0,6,22.951828
1.0,5,22.967786
0.0,4,22.981272
2.0,7,22.998925
0.0,3,23.011281
0.0,4,23.024618
0.0,2,23.036222
0.0,1,23.043685
0.0,5,23.057698
0.0,1,23.066161
1.0,5,23.082345
0.0,3,23.093507
0.0,3,23.106074
0.0,1,23.115145
0.0,2,23.124707
1.0,5,23.141125
0.0,4,23.155205
1.0,5,23.169814
0.0,4,23.182384
0.0,3,23.195287
3.0,17,23.231441
1.0,6,23.248071
0.0,1,23.25696
0.0,1,23.264829
0.0,4,23.277107
1.0,5,23.292248
0.0,3,23.303584
0.0,1,23.311766
0.0,1,23.319899
0.0,3,23.33194
0.0,3,23.343447
0.0,1,23.352175
1.0,6,23.370606
0.0,2,23.379375
0.0,1,23.387536
2.0,8,23.408804
0.0,2,23.419476
0.0,2,23.429267
0.0,2,23.438857
1.0,4,23.45211
0.0,1,23.46012
1.0,4,23.474397
0.0,1,23.482936
0.0,3,23.495597
0.0,3,23.507383
0.0,2,23.518437
0.0,8,23.536941
2.0,7,23.556295
0.0,3,23.567471
0.0,2,23.577138
0.0,3,23.58702
1.0,10,23.61236
0.0,5,23.627854
0.0,2,23.636644
1.0,4,23.651062
0.0,1,23.658834
0.0,2,23.669671
0.0,3,23.68207
0.0,1,23.691476
0.0,3,23.703239
0.0,2,23.7129
0.0,5,23.729265
0.0,2,23.738991
2.0,8,23.760436
1.0,7,23.781369
0.0,1,23.789296
0.0,3,23.802994
0.0,3,23.8155
0.0,3,23.828451
1.0,6,23.846747
0.0,1,23.855952
2.0,10,23.880798
0.0,1,23.888934
0.0,1,23.897033
0.0,2,23.907149
1.0,6,23.925096
0.0,3,23.937503
0.0,3,23.948638
0.0,2,23.958704
1.0,4,23.97286
0.0,7,23.992647
0.0,2,24.001763
0.0,4,24.014659
0.0,3,24.026846
0.0,6,24.044892
0.0,5,24.059801
1.0,5,24.076113
0.0,1,24.084654
0.0,2,24.09384
0.0,1,24.102657
0.0,4,24.117112
0.0,4,24.13108
1.0,6,24.148424
1.0,6,24.16565
0.0,1,24.173832
0.0,5,24.189046
0.0,1,24.197939
0.0,5,24.213459
0.0,4,24.226451
0.0,1,24.234258
0.0,1,24.242375
0.0,3,24.255211
0.0,1,24.263346
0.0,6,24.280413
0.0,1,24.28864
0.0,2,24.298257
0.0,5,24.313542
0.0,4,24.328259
0.0,1,24.336687
0.0,8,24.357953
1.0,5,24.372857
0.0,1,24.381353
1.0,6,24.398533
0.0,4,24.411371
0.0,3,24.422145
0.0,2,24.432123
0.0,1,24.440845
0.0,2,24.449914
1.0,4,24.463933
0.0,3,24.474597
0.0,1,24.482909
0.0,2,24.493563
0.0,2,24.503772
0.0,2,24.51318
0.0,1,24.521905
0.0,3,24.534364
1.0,6,24.551752
0.0,1,24.559909
0.0,2,24.570535
0.0,2,24.580992
0.0,1,24.588656
0.0,4,24.603623
0.0,1,24.612983
0.0,2,24.623696
0.0,2,24.632928
0.0,4,24.647226
0.0,3,24.659659
1.0,6,24.676781
0.0,3,24.690093
1.0,9,24.709905
1.0,6,24.72893
0.0,3,24.74112
0.0,6,24.759056
0.0,5,24.773958
0.0,2,24.78461
0.0,4,24.798874
2.0,10,24.822762
0.0,3,24.834824
0.0,4,24.849558
0.0,6,24.865257
1.0,4,24.880092
1.0,9,24.903318
1.0,4,24.917826
0.0,1,24.925673
0.0,2,24.936262
1.0,8,24.957965
0.0,1,24.966678
0.0,2,24.976617
0.0,7,24.996296
1.0,4,25.010983
0.0,10,25.036618
0.0,3,25.048681
0.0,3,25.060581
1.0,9,25.083849
0.0,1,25.093095
0.0,3,25.10526
0.0,2,25.113731
0.0,1,25.122558
0.0,1,25.130403
0.0,2,25.139725
0.0,3,25.150862
0.0,1,25.159151
0.0,1,25.167112
0.0,4,25.180178
2.0,8,25.202177
0.0,3,25.213931
0.0,1,25.222457
0.0,2,25.231795
0.0,4,25.245353
0.0,1,25.25453
0.0,2,25.264207
1.0,8,25.28538
0.0,2,25.295075
0.0,1,25.302882
1.0,5,25.319825
0.0,1,25.327411
0.0,2,25.337171
0.0,3,25.348814
0.0,1,25.357819
0.0,3,25.370837
1.0,4,25.385571
0.0,1,25.394224
0.0,2,25.404851
0.0,4,25.419512
0.0,2,25.429012
0.0,3,25.440396
0.0,1,25.449332
1.0,5,25.465513
0.0,4,25.479267
0.0,2,25.48931
0.0,1,25.497638
1.0,5,25.51278
1.0,4,25.527024
3.0,11,25.552562
0.0,2,25.563701
0.0,2,25.573728
0.0,2,25.584209
0.0,2,25.59329
0.0,2,25.604126
1.0,6,25.62141
0.0,5,25.637609
1.0,8,25.658987
0.0,2,25.669909
0.0,2,25.680271
1.0,4,25.695405
1.0,7,25.713706
1.0,7,25.736772
0.0,3,25.749783
0.0,2,25.760087
1.0,5,25.773914
0.0,2,25.78391
1.0,8,25.804657
0.0,3,25.81652
0.0,1,25.824476
0.0,1,25.833505
2.0,9,25.856752
0.0,1,25.865784
2.0,7,25.884759
1.0,10,25.909202
0.0,6,26.708762
1.0,8,26.728174
0.0,1,26.738545
2.0,8,26.758891
0.0,1,26.767712
0.0,2,26.777152
0.0,3,26.789409
0.0,4,26.803035
0.0,2,26.812921
1.0,4,26.827072
1.0,4,26.841483
0.0,4,26.855275
2.0,7,26.875123
1.0,4,26.890215
0.0,2,26.899361
0.0,1,26.908603
0.0,3,26.920146
0.0,2,26.9307
0.0,2,26.940205
1.0,7,26.956566
0.0,3,26.969454
0.0,2,26.980036
0.0,1,26.98829
0.0,2,26.997945
0.0,2,27.008091
0.0,2,27.018154
0.0,2,27.028061
1.0,6,27.044558
0.0,3,27.055767
2.0,12,27.084834
0.0,2,27.095077
1.0,13,27.129359
2.0,8,27.148581
0.0,6,27.166739
0.0,3,27.179729
1.0,6,27.197402
2.0,9,27.221927
2.0,9,27.24615
0.0,3,27.257584
0.0,1,27.266572
2.0,11,27.292895
2.0,14,27.324572
1.0,5,27.340672
0.0,1,27.348626
0.0,1,27.356482
0.0,2,27.365501
0.0,3,27.378352
0.0,3,27.39113
2.0,13,27.420939
1.0,6,27.439171
0.0,2,27.448897
0.0,1,27.456887
0.0,2,27.466999
0.0,1,27.475467
0.0,1,27.483852
1.0,4,27.498309
0.0,7,27.517493
0.0,5,27.533167
1.0,6,27.55308
2.0,6,27.572692
0.0,1,27.580395
1.0,4,27.594155
1.0,8,27.615184
0.0,2,27.637748
0.0,4,27.664083
2.0,11,27.69234
0.0,2,27.701198
1.0,5,27.717329
0.0,1,27.726429
0.0,1,27.734251
0.0,1,27.742659
0.0,3,27.753121
0.0,1,27.761538
0.0,2,27.771805
3.0,12,27.798171
0.0,2,27.807695
0.0,2,27.8181
0.0,5,27.833837
0.0,1,27.842279
0.0,2,27.851509
0.0,3,27.863298
0.0,2,27.87328
0.0,3,27.88585
0.0,2,27.896578
0.0,1,27.904354
0.0,2,27.914652
1.0,9,27.936435
0.0,1,27.944397
1.0,10,27.96688
0.0,4,27.980655
0.0,2,27.989653
0.0,1,27.99902
0.0,3,28.010832
0.0,6,28.02817
0.0,7,28.04821
1.0,5,28.064704
2.0,12,28.091746
1.0,4,28.108171
0.0,4,28.12115
0.0,1,28.129989
0.0,2,28.140101
0.0,4,28.155262
1.0,8,28.177958
0.0,1,28.185874
1.0,11,28.213322
0.0,6,28.229976
0.0,3,28.240604
0.0,2,28.249968
0.0,3,28.260535
0.0,3,28.271653
1.0,6,28.289335
1.0,4,28.30388
2.0,7,28.322549
0.0,3,28.335236
1.0,5,28.352234
0.0,1,28.360746
1.0,8,28.382664
0.0,3,28.394953
0.0,4,28.407613
1.0,5,28.424006
1.0,7,28.442753
0.0,1,28.450981
0.0,4,28.464272
1.0,7,28.484426
1.0,4,28.497832
0.0,1,28.506117
0.0,5,28.520625
0.0,1,28.529395
0.0,3,28.541594
0.0,2,28.551867
2.0,7,28.571635
3.0,11,28.598426
0.0,4,28.613554
0.0,1,28.622083
1.0,6,28.63815
1.0,8,28.657603
0.0,6,28.675242
0.0,2,28.685688
0.0,3,28.697006
1.0,7,28.716415
0.0,1,28.72471
0.0,3,28.737834
0.0,1,28.74634
0.0,2,28.756164
1.0,6,28.775023
1.0,7,28.794834
0.0,1,28.80331
1.0,6,28.820611
0.0,1,28.828451
0.0,2,28.838968
0.0,1,28.84724
1.0,4,28.86144
0.0,1,28.869805
0.0,3,28.882347
0.0,3,28.893749
1.0,8,28.914399
0.0,1,28.922587
0.0,1,28.932016
0.0,3,28.943728
0.0,1,28.951536
0.0,3,28.961947
0.0,2,28.970344
0.0,6,28.987361
0.0,5,29.004488
0.0,3,29.0171
0.0,1,29.026898
0.0,3,29.038433
0.0,2,29.047825
2.0,9,29.070393
0.0,3,29.083149
0.0,1,29.09144
0.0,1,29.099689
0.0,2,29.108738
0.0,1,29.11642
0.0,6,29.134275
0.0,2,29.144127
2.0,7,29.161155
1.0,5,29.177839
1.0,5,29.193719
1.0,6,29.21054
0.0,3,29.223825
0.0,1,29.232657
0.0,1,29.240079
0.0,5,29.255009
0.0,5,29.26909
1.0,3,29.281745
0.0,3,29.29417
0.0,2,29.305742
0.0,2,29.3156
0.0,1,29.32499
1.0,6,29.340879
0.0,2,29.3513
1.0,3,29.363388
1.0,7,29.384297
1.0,4,29.397873
1.0,8,29.41914
0.0,1,29.427119
0.0,4,29.438115
0.0,3,29.450498
1.0,5,29.466219
2.0,8,29.4875
0.0,1,29.495567
0.0,1,29.504047
0.0,2,29.512901
1.0,3,29.525862
0.0,2,29.535254
0.0,2,29.543629
0.0,1,29.551396
0.0,2,29.561556
0.0,6,29.577724
0.0,2,29.58869
1.0,5,29.603294
2.0,10,29.628725
0.0,1,29.636932
2.0,7,29.65778
0.0,1,29.666223
0.0,3,29.677807
0.0,1,29.686219
3.0,8,29.708737
1.0,5,29.723145
0.0,3,29.737034
0.0,3,29.750501
0.0,1,29.759453
0.0,2,29.768871
0.0,3,29.781894
0.0,3,29.794598
0.0,1,29.802968
0.0,2,29.811816
0.0,2,29.821367
0.0,4,29.836235
0.0,6,29.852905
0.0,1,29.860851
0.0,2,29.871011
0.0,1,29.878708
0.0,3,29.890152
0.0,1,29.89925
0.0,1,29.906846
0.0,3,29.918128
0.0,4,29.930942
0.0,4,29.943483
0.0,2,29.953207
0.0,1,29.960541
1.0,7,29.979528
2.0,10,30.004765
1.0,4,30.019973
0.0,2,30.032108
0.0,1,30.040099
0.0,1,30.048394
0.0,1,30.057276
2.0,8,30.080159
0.0,3,30.090373
0.0,1,30.09866
0.0,2,30.108114
0.0,1,30.116585
0.0,3,30.128069
3.0,19,30.169374
0.0,3,30.181231
0.0,6,30.198339
0.0,2,30.208925
0.0,4,30.223447
3.0,12,30.250339
1.0,4,30.265178
1.0,5,30.281927
0.0,1,30.290441
2.0,8,30.310977
0.0,1,30.319949
1.0,7,30.339984
0.0,1,30.348405
0.0,3,30.359743
0.0,1,30.367772
1.0,4,30.381514
1.0,7,30.400277
1.0,7,30.417594
2.0,15,30.451852
1.0,6,30.467745
1.0,7,30.486689
0.0,1,30.494572
0.0,1,30.50334
0.0,2,30.513871
0.0,2,30.524315
1.0,5,30.540971
0.0,1,30.550598
2.0,10,30.57551
0.0,3,30.586377
0.0,2,30.597003
0.0,3,30.61057
1.0,3,30.622417
0.0,3,30.633315
0.0,1,30.643147
0.0,1,30.65167
1.0,7,30.668699
2.0,8,30.690458
1.0,4,30.704177
0.0,1,30.712744
0.0,8,30.733905
0.0,2,30.747156
0.0,2,30.757506
0.0,1,30.766145
1.0,5,30.782168
0.0,4,30.795884
0.0,3,30.808144
0.0,2,30.819501
1.0,5,30.836074
0.0,1,30.844607
0.0,5,30.860485
1.0,6,30.878207
0.0,3,30.889426
0.0,4,30.902387
0.0,2,30.911045
2.0,12,30.940597
2.0,7,30.959507
0.0,2,30.969395
0.0,2,30.979407
0.0,3,30.989426
1.0,4,31.002853
0.0,1,31.011626
1.0,5,31.026401
0.0,2,31.037218
1.0,7,31.054181
0.0,2,31.065681
0.0,1,31.073503
1.0,7,31.090583
0.0,3,31.101787
1.0,10,31.126914
1.0,7,31.145998
1.0,4,31.160786
0.0,5,31.17583
0.0,3,31.18636
0.0,3,31.197336
1.0,5,31.214945
0.0,5,31.2312
0.0,1,31.240031
0.0,1,31.248426
1.0,6,31.266364
1.0,6,31.284594
0.0,5,31.299234
2.0,7,31.319624
1.0,3,31.332208
1.0,9,31.355262
0.0,2,31.365118
0.0,4,31.378991
0.0,5,31.395682
0.0,2,31.405859
0.0,5,31.420663
0.0,3,31.432599
0.0,3,31.445455
0.0,1,31.453313
1.0,4,31.466256
0.0,2,31.475657
0.0,4,31.488594
0.0,3,31.501037
2.0,9,31.523681
0.0,7,31.541265
0.0,2,31.551306
1.0,4,31.565185
0.0,2,31.575518
0.0,1,31.584179
0.0,2,31.593289
0.0,1,31.601911
2.0,8,31.622834
0.0,3,31.635019
1.0,6,31.653431
0.0,2,31.662443
0.0,3,31.674215
0.0,2,31.684337
0.0,3,31.694957
1.0,4,31.708266
1.0,11,31.734659
0.0,2,31.744603
1.0,9,31.766318
0.0,2,31.775583
0.0,4,31.790353
2.0,8,31.812389
1.0,9,31.835728
1.0,6,31.851727
1.0,8,31.87303
1.0,5,31.888552
0.0,2,31.898175
0.0,5,31.913159
1.0,9,31.935766
1.0,9,31.960268
0.0,2,31.970013
1.0,5,31.984617
0.0,3,31.996575
0.0,1,32.004552
0.0,4,32.017554
0.0,1,32.02609
0.0,8,32.043815
0.0,3,32.056828
0.0,4,32.071827
1.0,7,32.092721
3.0,13,32.122752
0.0,1,32.131167
0.0,2,32.140577
1.0,6,32.158454
0.0,3,32.171364
0.0,7,32.188529
1.0,5,32.203595
0.0,3,32.215734
0.0,1,32.224786
0.0,2,32.234163
1.0,10,32.261473
0.0,1,32.270023
2.0,7,32.287942
0.0,4,32.300449
0.0,1,32.309678
0.0,1,32.317909
1.0,6,32.336192
0.0,3,32.348224
1.0,8,32.36887
0.0,4,32.380551
0.0,3,32.390758
0.0,3,32.401871
1.0,10,32.42697
0.0,2,32.436288
0.0,8,32.457458
0.0,2,32.467714
0.0,1,32.475454
0.0,1,32.483982
0.0,3,32.496341
2.0,6,32.513513
0.0,2,32.524169
0.0,1,32.532788
0.0,3,32.545476
0.0,2,32.555629
0.0,2,32.566588
0.0,1,32.574701
0.0,5,32.589629
0.0,3,32.599802
0.0,2,32.611442
0.0,3,32.62247
0.0,6,32.639531
1.0,4,32.653244
0.0,2,32.664116
1.0,7,32.683389
1.0,4,32.697747
0.0,3,32.709188
1.0,4,32.723308
0.0,4,32.736745
0.0,1,32.744758
0.0,3,32.755927
0.0,3,32.767834
0.0,2,32.777627
0.0,3,32.789287
0.0,2,32.799449
1.0,3,32.812194
0.0,2,32.821502
1.0,4,32.835533
0.0,5,32.850379
1.0,7,32.871053
1.0,6,32.888318
1.0,5,32.904346
0.0,4,32.916567
0.0,1,32.925776
1.0,5,32.942122
0.0,6,32.95965
0.0,4,32.971843
0.0,1,32.981045
1.0,5,32.997591
0.0,1,33.006496
1.0,6,33.022339
0.0,3,33.035347
0.0,3,33.046616
0.0,5,33.06081
0.0,1,33.069
2.0,8,33.091523
0.0,1,33.099954
0.0,2,33.109152
1.0,7,33.127281
0.0,2,33.1381
0.0,3,33.149852
0.0,4,33.162907
0.0,2,33.172914
1.0,4,33.187062
0.0,1,33.195457
0.0,3,33.205899
0.0,5,33.221575
1.0,6,33.240274
0.0,2,33.249729
1.0,5,33.265776
1.0,8,33.28643
0.0,1,33.294862
0.0,3,33.307383
1.0,3,33.319682
2.0,9,33.342566
0.0,2,33.352885
0.0,3,33.364985
0.0,4,33.377923
0.0,1,33.385281
1.0,5,33.401687
0.0,1,33.408692
0.0,6,33.425895
0.0,1,33.434831
1.0,5,33.451369
0.0,2,33.461172
1.0,3,33.471838
0.0,3,33.481716
0.0,1,33.491305
0.0,1,33.499851
1.0,4,33.513958
0.0,5,33.529629
0.0,2,33.538864
2.0,7,33.55723
1.0,6,33.572703
0.0,1,33.580675
0.0,1,33.589099
0.0,3,33.602063
2.0,8,33.623271
1.0,6,33.640672
2.0,9,33.66474
1.0,5,33.680604
1.0,4,33.694881
0.0,1,33.703385
0.0,3,33.715759
0.0,2,33.725857
0.0,1,33.734146
1.0,7,33.753273
0.0,10,33.778808
0.0,2,33.789828
0.0,3,33.802708
0.0,3,33.815356
0.0,2,33.825382
0.0,1,33.834019
0.0,1,33.842614
1.0,7,34.645312
0.0,1,34.653769
1.0,6,34.670767
0.0,3,34.683156
1.0,4,34.698522
0.0,1,34.706218
0.0,1,34.714674
2.0,12,34.744005
1.0,5,34.760114
0.0,3,34.771819
1.0,6,34.78817
0.0,2,34.798975
0.0,2,34.809561
0.0,5,34.825
0.0,1,34.83351
0.0,7,34.85271
1.0,9,34.875548
2.0,13,34.904776
0.0,2,34.913421
1.0,4,34.927601
2.0,8,34.948554
1.0,4,34.963568
0.0,5,34.976688
1.0,17,35.012624
1.0,12,35.037418
0.0,2,35.047195
0.0,5,35.061326
2.0,10,35.083861
2.0,10,35.109121
3.0,12,35.141782
0.0,5,35.15843
1.0,5,35.175161
1.0,6,35.19239
3.0,10,35.216993
0.0,2,35.226081
0.0,2,35.236086
0.0,1,35.244254
0.0,8,35.262383
0.0,3,35.275068
1.0,5,35.291584
0.0,1,35.300221
1.0,8,35.321758
1.0,5,35.337346
0.0,2,35.346858
0.0,2,35.355334
0.0,2,35.365015
0.0,5,35.38026
0.0,2,35.389475
0.0,1,35.397155
0.0,2,35.408227
0.0,1,35.416192
1.0,4,35.43121
0.0,2,35.441276
1.0,7,35.461425
1.0,6,35.477221
1.0,5,35.492084
1.0,5,35.506291
0.0,4,35.519586
0.0,2,35.529168
2.0,7,35.547907
0.0,1,35.556957
0.0,3,35.57
0.0,3,35.582581
1.0,6,35.602786
1.0,5,35.619206
1.0,5,35.635251
2.0,9,35.683703
0.0,3,35.695661
2.0,7,35.714959
0.0,1,35.72433
1.0,5,35.741269
1.0,7,35.786733
1.0,6,35.805468
0.0,9,35.826227
1.0,10,35.850557
0.0,4,35.863933
0.0,1,35.87211
0.0,4,35.884001
0.0,2,35.893386
1.0,4,35.908425
0.0,3,35.919894
1.0,6,35.937593
0.0,2,35.946319
1.0,4,35.96065
0.0,2,35.969462
0.0,1,35.978001
0.0,3,35.991015
1.0,5,36.007455
0.0,5,36.022506
0.0,2,36.032118
0.0,1,36.039897
0.0,2,36.049159
0.0,1,36.056912
1.0,5,36.073047
1.0,4,36.087669
2.0,9,36.111683
0.0,2,36.122152
1.0,5,36.143014
1.0,4,36.177533
0.0,2,36.188596
0.0,2,36.197632
0.0,1,36.205365
0.0,2,36.215495
1.0,6,36.232609
1.0,8,36.254159
2.0,6,36.27042
0.0,3,36.283336
0.0,2,36.292455
0.0,2,36.301881
0.0,3,36.314236
0.0,1,36.322598
0.0,3,36.334728
2.0,8,36.356375
0.0,4,36.370815
0.0,3,36.3829
0.0,1,36.391069
1.0,9,36.413787
0.0,2,36.424433
0.0,2,36.434294
1.0,6,36.452189
0.0,3,36.464533
1.0,4,36.480054
1.0,4,36.493841
2.0,9,36.516482
1.0,5,36.531436
0.0,6,36.549704
0.0,3,36.560412
1.0,7,36.581222
1.0,5,36.595269
0.0,5,36.612114
1.0,3,36.623685
0.0,3,36.635194
1.0,4,36.649807
0.0,3,36.661333
0.0,2,36.671339
3.0,17,36.706515
0.0,5,36.719698
1.0,4,36.734737
0.0,3,36.745608
0.0,2,36.755508
1.0,5,36.772741
0.0,3,36.784738
0.0,1,36.792916
1.0,9,36.814304
0.0,2,36.823856
0.0,10,36.848373
1.0,7,36.868803
0.0,3,36.881824
1.0,9,36.904667
0.0,4,36.918432
1.0,8,36.939484
3.0,14,36.972889
0.0,3,36.98536
0.0,2,36.995895
0.0,2,37.00578
0.0,1,37.015242
1.0,5,37.029286
0.0,1,37.039141
0.0,3,37.051771
0.0,1,37.060685
1.0,7,37.079953
0.0,7,37.100148
0.0,2,37.110997
0.0,1,37.120428
0.0,3,37.132809
1.0,6,37.151102
0.0,1,37.159685
1.0,4,37.174106
0.0,1,37.182932
0.0,2,37.192811
0.0,2,37.202583
0.0,3,37.214981
0.0,1,37.223925
0.0,2,37.233629
0.0,4,37.24724
1.0,5,37.262584
0.0,2,37.272518
1.0,9,37.297298
0.0,1,37.305851
1.0,6,37.323772
0.0,3,37.335138
1.0,8,37.355373
1.0,12,37.384013
0.0,1,37.392598
0.0,2,37.402147
3.0,12,37.431146
0.0,1,37.439907
1.0,6,37.458954
0.0,3,37.470688
1.0,5,37.486584
0.0,2,37.496351
0.0,1,37.505095
1.0,9,37.528852
2.0,9,37.552348
0.0,2,37.563757
1.0,4,37.578928
0.0,2,37.588272
1.0,7,37.607387
2.0,7,37.627649
1.0,5,37.643511
0.0,2,37.652071
0.0,2,37.661756
0.0,2,37.672125
0.0,2,37.681992
0.0,3,37.693337
0.0,1,37.701316
0.0,3,37.711356
1.0,4,37.726965
0.0,2,37.735222
0.0,2,37.744409
0.0,1,37.752971
0.0,2,37.762799
0.0,1,37.771694
1.0,10,37.798478
0.0,3,37.812135
1.0,9,37.83639
0.0,5,37.851676
0.0,1,37.860668
1.0,6,37.878345
0.0,4,37.891463
0.0,3,37.90298
0.0,2,37.912208
1.0,7,37.931099
0.0,3,37.942686
1.0,7,37.962204
0.0,2,37.971208
0.0,2,37.981299
0.0,2,37.990906
0.0,1,37.999768
0.0,3,38.01153
0.0,2,38.020854
1.0,4,38.034866
0.0,2,38.044622
2.0,6,38.062224
1.0,9,38.084756
1.0,6,38.10223
0.0,6,38.119475
0.0,2,38.130988
1.0,4,38.144441
2.0,7,38.165515
0.0,3,38.178256
2.0,12,38.206487
0.0,2,38.216351
0.0,1,38.225259
1.0,4,38.238654
3.0,11,38.265604
0.0,3,38.276529
0.0,7,38.29575
2.0,9,38.318454
1.0,6,38.33684
2.0,6,38.355033
1.0,4,38.37079
0.0,4,38.384721
0.0,4,38.398719
1.0,5,38.412783
0.0,2,38.422159
1.0,4,38.436329
0.0,4,38.451612
0.0,4,38.465436
1.0,4,38.480485
0.0,4,38.49327
2.0,7,38.513375
0.0,2,38.522611
0.0,1,38.530945
0.0,5,38.545993
0.0,3,38.558911
1.0,5,38.575279
0.0,3,38.587003
0.0,2,38.596456
1.0,5,38.611576
2.0,14,38.643103
0.0,1,38.65201
1.0,7,38.670846
0.0,2,38.680291
1.0,6,38.696503
0.0,2,38.706571
1.0,7,38.72619
0.0,1,38.734092
0.0,2,38.743187
2.0,10,38.770551
1.0,6,38.788573
0.0,3,38.79996
0.0,6,38.817849
1.0,4,38.831583
0.0,3,38.842847
1.0,8,38.86403
0.0,3,38.87652
1.0,4,38.890773
1.0,4,38.904808
1.0,3,38.916909
0.0,3,38.927093
1.0,9,38.950941
2.0,8,38.973091
0.0,2,38.983068
1.0,5,38.997237
1.0,4,39.011897
0.0,2,39.022122
0.0,4,39.03606
0.0,3,39.047633
0.0,2,39.057067
0.0,1,39.064816
1.0,3,39.077799
0.0,1,39.085814
0.0,2,39.096494
1.0,7,39.116048
2.0,13,39.144682
0.0,2,39.154384
0.0,1,39.163328
1.0,6,39.179709
3.0,12,39.208418
0.0,6,39.224727
2.0,10,39.248903
1.0,8,39.27025
0.0,3,39.282744
0.0,1,39.291414
4.0,20,39.334361
2.0,9,39.357547
1.0,4,39.371009
0.0,3,39.382459
0.0,3,39.394935
1.0,6,39.413161
1.0,5,39.42877
1.0,4,39.442677
0.0,2,39.452688
0.0,1,39.460309
0.0,2,39.471021
2.0,6,39.488839
0.0,2,39.49918
0.0,5,39.512918
3.0,11,39.538682
3.0,9,39.55954
1.0,3,39.572238
2.0,10,39.595645
1.0,4,39.6105
0.0,2,39.619949
0.0,2,39.630068
0.0,1,39.638233
0.0,4,39.6519
1.0,6,39.668388
0.0,2,39.677507
0.0,1,39.686027
0.0,2,39.696472
1.0,7,39.71269
0.0,3,39.723298
0.0,4,39.736659
2.0,9,39.760248
0.0,1,39.768324
1.0,4,39.781934
1.0,5,39.796112
0.0,2,39.807352
0.0,5,39.821549
2.0,8,39.841716
0.0,1,39.84956
1.0,5,39.866872
1.0,8,39.88732
1.0,4,39.901954
0.0,1,39.910164
1.0,4,39.924361
1.0,4,39.953942
0.0,1,39.970309
0.0,2,39.981123
0.0,2,39.991401
0.0,1,39.99956
1.0,4,40.013849
0.0,6,40.029278
1.0,5,40.045514
0.0,2,40.05575
0.0,2,40.066085
0.0,3,40.076612
0.0,9,40.095815
0.0,2,40.106652
0.0,1,40.115874
2.0,5,40.131701
0.0,3,40.14179
1.0,7,40.183007
0.0,2,40.194563
1.0,11,40.221059
1.0,13,40.250417
0.0,2,40.25934
1.0,7,40.280493
0.0,4,40.293882
1.0,5,40.308849
0.0,8,40.328256
0.0,3,40.33895
0.0,3,40.350262
1.0,8,40.371059
1.0,9,40.393342
0.0,3,40.405644
0.0,1,40.413301
2.0,9,40.436979
1.0,4,40.450699
0.0,2,40.460278
1.0,4,40.473832
1.0,3,40.485945
1.0,8,40.506196
0.0,6,40.52186
0.0,3,40.533433
0.0,5,40.548861
1.0,5,40.563962
0.0,1,40.57231
2.0,21,40.613098
0.0,2,40.62337
0.0,3,40.63606
2.0,10,40.659822
0.0,2,40.670279
1.0,5,40.685453
2.0,13,40.716152
0.0,1,40.725381
1.0,4,40.740037
1.0,8,40.764533
0.0,3,40.774159
0.0,5,40.78828
0.0,1,40.795752
1.0,5,40.810582
0.0,2,40.820298
1.0,6,40.837054
1.0,12,40.864986
1.0,4,40.878811
0.0,2,40.887
0.0,1,40.895097
2.0,12,40.924063
1.0,6,40.941155
0.0,5,40.955873
1.0,7,40.974573
3.0,10,41.00021
1.0,3,41.010181
2.0,13,41.040174
0.0,2,41.050789
0.0,2,41.061151
0.0,4,41.075769
0.0,2,41.085535
0.0,5,41.101362
0.0,3,41.112873
1.0,6,41.13141
0.0,2,41.142044
0.0,3,41.154707
0.0,1,41.163344
0.0,2,41.174073
0.0,2,41.18405
0.0,2,41.194044
3.0,11,41.221938
0.0,2,41.231831
0.0,3,41.243927
1.0,9,41.269559
1.0,5,41.333179
0.0,3,41.34667
1.0,6,41.361797
0.0,1,41.370695
0.0,1,41.379052
0.0,4,41.392649
1.0,4,41.405594
0.0,1,41.415301
0.0,3,41.427209
1.0,3,41.440293
0.0,5,41.454684
1.0,6,41.472738
0.0,2,41.482132
0.0,3,42.70742
0.0,3,42.719186
0.0,2,42.731216
0.0,2,42.74368
0.0,2,42.754132
2.0,13,42.788494
0.0,1,42.797708
0.0,1,42.807061
0.0,3,42.820194
1.0,7,42.840984
1.0,6,42.859685
2.0,9,42.883492
1.0,6,42.902311
0.0,2,42.914567
1.0,6,42.935457
1.0,6,42.954733
0.0,5,42.971088
2.0,9,42.995622
0.0,2,43.005919
1.0,6,43.025328
1.0,9,43.050987
1.0,8,43.075278
0.0,3,43.10183
1.0,7,43.1291
0.0,2,43.140926
0.0,1,43.150558
0.0,2,43.161775
0.0,1,43.171613
0.0,9,43.196288
1.0,4,43.213629
1.0,7,43.236503
0.0,2,43.246232
0.0,2,43.256525
1.0,3,43.270352
0.0,1,43.280078
1.0,5,43.299301
1.0,3,43.311898
0.0,5,43.32805
1.0,8,43.351883
0.0,1,43.361074
0.0,3,43.376196
0.0,2,43.387345
2.0,9,43.414731
0.0,1,43.423583
0.0,1,43.432626
1.0,6,43.452037
1.0,6,43.470088
1.0,5,43.487746
0.0,5,43.506009
0.0,8,43.529425
2.0,10,43.556123
2.0,8,43.581364
0.0,1,43.591527
0.0,4,43.606536
0.0,3,43.620179
0.0,3,43.631984
0.0,3,43.64625
0.0,2,43.656978
1.0,6,43.678008
1.0,4,43.693134
1.0,4,43.709489
2.0,6,43.728824
0.0,1,43.738355
1.0,7,43.758867
0.0,3,43.770888
0.0,6,43.790882
0.0,1,43.801638
0.0,3,43.814403
0.0,2,43.825199
1.0,5,43.842815
1.0,5,43.861699
3.0,17,43.901522
1.0,6,43.922266
0.0,2,43.932201
3.0,11,43.964
1.0,5,43.982017
0.0,2,43.993838
0.0,2,44.004847
0.0,1,44.01468
1.0,6,44.032569
0.0,3,44.044948
1.0,7,44.067037
1.0,6,44.085754
0.0,2,44.096603
2.0,8,44.11741
1.0,10,44.143801
0.0,1,44.153045
2.0,11,44.18473
0.0,3,44.199589
1.0,6,44.219912
2.0,8,44.245408
1.0,4,44.261433
1.0,4,44.276769
0.0,1,44.286495
2.0,12,44.319437
0.0,5,44.336365
0.0,3,44.351073
2.0,11,44.381531
1.0,11,44.411413
0.0,2,44.422491
0.0,2,44.43292
2.0,10,44.460495
1.0,7,44.481476
0.0,2,44.492142
1.0,7,44.510335
1.0,5,44.527974
2.0,12,44.559398
0.0,2,44.569858
0.0,1,44.579179
0.0,1,44.589145
2.0,15,44.627243
1.0,6,44.646741
1.0,6,44.667275
1.0,5,44.686259
3.0,17,44.73001
0.0,1,44.739859
2.0,13,44.775755
2.0,8,44.800107
3.0,12,44.829886
1.0,7,44.850995
1.0,7,44.873453
1.0,4,44.889721
0.0,6,44.910521
0.0,3,44.924634
1.0,6,44.94413
2.0,8,44.967674
2.0,8,44.993104
0.0,2,45.004906
2.0,7,45.027235
1.0,11,45.057553
0.0,3,45.069814
0.0,2,45.080078
0.0,2,45.090632
0.0,3,45.103704
2.0,12,45.134668
1.0,4,45.150064
0.0,2,45.162095
0.0,5,45.179364
0.0,1,45.189115
0.0,7,45.211056
1.0,5,45.229124
2.0,7,45.251542
0.0,1,45.261453
1.0,5,45.278773
0.0,1,45.289326
0.0,2,45.301003
0.0,3,45.315541
0.0,2,45.326909
0.0,1,45.336769
0.0,6,45.355186
0.0,3,45.368398
0.0,2,45.377814
0.0,6,45.396057
1.0,6,45.413471
2.0,7,45.433323
1.0,4,45.448026
0.0,2,45.456762
2.0,12,45.487847
0.0,2,45.498145
2.0,9,45.521624
1.0,5,45.536846
0.0,2,45.547133
3.0,9,45.572044
0.0,5,45.587212
0.0,3,45.598943
0.0,2,45.609892
0.0,2,45.620388
2.0,8,45.641789
0.0,2,45.651715
0.0,4,45.664857
0.0,3,45.676327
2.0,9,45.701358
1.0,7,45.720381
0.0,4,45.73527
0.0,3,45.74889
2.0,14,45.779707
0.0,6,45.798043
0.0,2,45.807288
3.0,15,45.843055
1.0,4,45.858129
1.0,5,45.874308
0.0,5,45.890236
2.0,10,45.914866
1.0,4,45.929699
1.0,4,45.943485
1.0,5,45.959376
1.0,5,45.974152
1.0,4,45.988851
2.0,13,46.020914
0.0,2,46.030906
0.0,5,46.048037
2.0,6,46.067368
2.0,12,46.096501
0.0,1,46.105184
0.0,4,46.118766
0.0,2,46.130342
1.0,10,46.156472
1.0,6,46.173511
0.0,5,46.18859
0.0,2,46.199693
0.0,5,46.214177
0.0,4,46.227737
1.0,8,46.251031
1.0,6,46.269292
0.0,3,46.281986
0.0,6,46.29803
1.0,8,46.321356
0.0,2,46.330705
0.0,3,46.344134
2.0,11,46.371893
1.0,6,46.391013
4.0,19,46.430693
1.0,7,46.449005
0.0,3,46.460467
0.0,3,46.47174
0.0,1,46.47992
2.0,12,46.506804
0.0,6,46.520229
2.0,9,46.542585
0.0,1,46.550841
1.0,4,46.565726
1.0,6,46.583387
2.0,11,46.609077
0.0,2,46.619519
1.0,5,46.636336
2.0,8,46.658411
0.0,2,46.669512
1.0,5,46.684437
0.0,4,46.699128
0.0,2,46.710822
1.0,5,46.727203
2.0,7,46.74589
0.0,1,46.75527
0.0,2,46.764983
2.0,10,46.789087
0.0,3,46.802777
1.0,6,46.819829
0.0,2,46.82989
0.0,4,46.844876
0.0,2,46.854569
0.0,4,46.868958
1.0,5,46.883784
0.0,3,46.893866
0.0,2,46.904135
0.0,5,46.920094
2.0,13,46.951037
1.0,6,46.969815
2.0,11,46.996282
1.0,8,47.017423
0.0,1,47.025876
2.0,9,47.049583
0.0,1,47.057878
1.0,7,47.076804
0.0,1,47.085496
0.0,3,47.097413
0.0,3,47.110051
0.0,2,47.120089
2.0,9,47.143021
0.0,2,47.153841
0.0,7,47.173655
0.0,1,47.182118
1.0,4,47.19504
0.0,3,47.206975
0.0,1,47.215592
1.0,5,47.231425
0.0,2,47.240735
3.0,22,47.285122
0.0,2,47.295304
0.0,1,47.304077
0.0,7,47.323856
1.0,6,47.342426
1.0,9,47.363983
0.0,6,47.377754
2.0,10,47.403813
1.0,5,47.420108
1.0,5,47.435827
0.0,4,47.449575
1.0,5,47.465935
2.0,7,47.485658
1.0,4,47.499982
0.0,3,47.512834
0.0,2,47.521484
0.0,4,47.534801
0.0,2,47.544272
0.0,4,47.558114
0.0,2,47.56962
0.0,1,47.578537
1.0,7,47.599401
1.0,10,47.622764
0.0,1,47.6308
2.0,7,47.649086
0.0,1,47.657457
0.0,1,47.666567
2.0,13,47.695917
0.0,2,47.704941
0.0,3,47.718403
0.0,2,47.729213
3.0,18,47.771921
0.0,3,47.784024
1.0,6,47.8021
2.0,9,47.826053
0.0,1,47.835269
1.0,3,47.84597
1.0,6,47.862218
0.0,2,47.872382
0.0,3,47.883533
0.0,4,47.897452
1.0,4,47.913108
0.0,1,47.922358
0.0,2,47.932281
1.0,7,47.952437
0.0,1,47.960407
1.0,4,47.974165
0.0,3,47.984828
2.0,7,48.002824
0.0,2,48.013605
0.0,10,48.037627
2.0,16,48.071843
0.0,3,48.084691
1.0,4,48.09905
0.0,1,48.107381
2.0,8,48.12957
0.0,3,48.139842
1.0,6,48.157838
1.0,8,48.179211
0.0,3,48.191596
1.0,4,48.207134
3.0,14,48.237646
0.0,3,48.248549
0.0,1,48.257121
0.0,3,48.269327
0.0,2,48.27897
1.0,4,48.294914
1.0,5,48.31011
0.0,5,48.326324
1.0,8,48.346638
0.0,1,48.355381
0.0,1,48.364255
1.0,4,48.376417
0.0,2,48.385728
0.0,5,48.401171
1.0,6,48.415963
1.0,10,48.442235
2.0,16,48.476922
1.0,7,48.497658
1.0,3,48.5097
0.0,3,48.522279
2.0,12,48.552691
0.0,4,48.568144
0.0,2,48.577434
2.0,9,48.600178
0.0,2,48.611448
1.0,5,48.626244
0.0,3,48.636006
0.0,2,48.646528
2.0,7,48.664519
0.0,3,48.677275
0.0,1,48.685667
0.0,2,48.696317
0.0,3,48.706923
0.0,3,48.717837
1.0,5,48.731692
1.0,4,48.745301
3.0,15,48.778531
0.0,3,48.7906
0.0,2,48.800431
1.0,11,48.827842
0.0,2,48.838435
0.0,1,48.847016
0.0,3,48.860059
0.0,2,48.871314
0.0,2,48.881964
2.0,10,48.908218
3.0,10,48.934168
0.0,1,48.942162
0.0,5,48.958376
0.0,3,48.97187
0.0,2,48.980721
2.0,13,49.01116
0.0,2,49.021321
1.0,4,49.037492
0.0,5,49.053346
0.0,6,49.070464
0.0,2,49.0806
1.0,5,49.096385
0.0,2,49.10697
0.0,2,49.118967
1.0,9,49.140032
1.0,4,49.154072
0.0,2,49.165877
0.0,1,49.174639
0.0,3,49.186446
0.0,1,49.195491
1.0,9,49.220204
0.0,3,49.23329
1.0,11,49.257985
2.0,9,49.281629
0.0,2,49.29112
1.0,4,49.306459
0.0,2,49.316534
0.0,3,49.329627
3.0,11,49.355911
0.0,7,49.375801
0.0,3,49.388527
1.0,9,49.413645
0.0,5,49.428127
1.0,6,50.430215
0.0,3,50.44473
0.0,4,50.459229
0.0,8,50.484896
0.0,2,50.4962
1.0,4,50.512211
0.0,9,50.537727
1.0,4,50.554353
0.0,3,50.567834
3.0,14,50.605999
1.0,4,50.62108
2.0,8,50.643633
1.0,5,50.659954
0.0,2,50.672354
1.0,7,50.692828
0.0,2,50.702794
2.0,8,50.726845
0.0,3,50.737566
0.0,2,50.748515
0.0,3,50.759944
0.0,3,50.774099
0.0,2,50.785919
1.0,6,50.804947
1.0,5,50.821214
0.0,4,50.833978
1.0,4,50.84941
0.0,2,50.859172
0.0,5,50.874661
1.0,11,50.900357
0.0,2,50.911252
1.0,5,50.927851
0.0,2,50.937013
1.0,13,50.96455
0.0,3,50.974905
1.0,4,50.98876
1.0,9,51.010463
1.0,6,51.027997
0.0,2,51.038565
1.0,5,51.052968
0.0,7,51.06974
0.0,5,51.085984
1.0,4,51.100168
1.0,8,51.121409
1.0,5,51.138441
2.0,10,51.162523
2.0,10,51.210924
3.0,16,51.247161
0.0,3,51.257684
0.0,3,51.269806
2.0,13,51.29932
0.0,2,51.309311
2.0,9,51.333688
0.0,2,51.344018
0.0,7,51.362134
0.0,1,51.371202
0.0,2,51.380952
0.0,6,51.397139
0.0,3,51.409643
1.0,4,51.421941
1.0,6,51.439181
1.0,4,51.453106
1.0,5,51.469013
0.0,1,51.477356
1.0,7,51.498445
1.0,8,51.518181
1.0,5,51.533693
1.0,6,51.54955
0.0,2,51.558644
0.0,2,51.568017
0.0,4,51.582828
1.0,8,51.606829
1.0,3,51.619425
1.0,8,51.64067
1.0,6,51.65529
0.0,5,51.671662
1.0,5,51.687814
1.0,10,51.71334
1.0,6,51.731845
1.0,7,51.74874
0.0,3,51.761744
0.0,1,51.770091
1.0,4,51.78446
0.0,2,51.794972
1.0,4,51.808414
0.0,1,51.817515
1.0,9,51.839856
0.0,3,51.853199
0.0,3,51.863983
1.0,4,51.877932
0.0,6,51.894789
3.0,15,51.926541
0.0,2,51.93637
1.0,6,51.953403
0.0,1,51.961959
0.0,2,51.971387
0.0,2,51.982959
0.0,2,51.993428
1.0,5,52.010024
0.0,4,52.023241
0.0,5,52.038123
0.0,13,52.069229
0.0,5,52.085586
0.0,1,52.093897
1.0,12,52.122992
1.0,8,52.144941
0.0,5,52.158718
1.0,5,52.175108
3.0,11,52.202848
0.0,2,52.212793
4.0,21,52.255401
1.0,9,52.279312
0.0,1,52.288386
1.0,9,52.313
2.0,8,52.335137
1.0,9,52.359112
0.0,3,52.37049
0.0,1,52.379521
1.0,6,52.396715
1.0,5,52.413756
0.0,2,52.422537
1.0,6,52.441431
1.0,5,52.456115
1.0,4,52.468783
2.0,9,52.493185
1.0,4,52.506685
1.0,7,52.526404
0.0,3,52.539198
1.0,5,52.553918
1.0,8,52.576474
0.0,2,52.586148
0.0,1,52.595099
2.0,9,52.617481
0.0,2,52.627359
0.0,3,52.640557
2.0,10,52.665754
0.0,1,52.673285
0.0,3,52.686259
2.0,10,52.71112
2.0,8,52.735442
0.0,1,52.743394
0.0,1,52.751907
0.0,2,52.762218
0.0,3,52.774307
0.0,6,52.791341
3.0,13,52.821729
1.0,6,52.840435
0.0,2,52.851341
2.0,12,52.879489
0.0,2,52.888896
0.0,3,52.898875
0.0,2,52.909742
1.0,8,52.932381
0.0,1,52.940969
0.0,1,52.950227
1.0,9,52.974787
0.0,3,52.988216
1.0,11,53.016201
0.0,5,53.033963
1.0,13,53.065688
0.0,2,53.075292
1.0,5,53.090885
1.0,7,53.108629
0.0,5,53.125471
2.0,13,53.156435
0.0,3,53.168028
0.0,4,53.181265
2.0,7,53.202644
2.0,9,53.226383
1.0,6,53.24603
3.0,15,53.279543
0.0,2,53.289888
0.0,1,53.297981
0.0,3,53.310491
2.0,8,53.331622
1.0,12,53.362865
3.0,12,53.389851
0.0,1,53.397994
0.0,3,53.409629
1.0,4,53.422008
1.0,6,53.439167
1.0,6,53.45701
3.0,11,53.485229
0.0,9,53.508238
1.0,9,53.529615
0.0,2,53.539954
0.0,7,53.559658
1.0,6,53.576972
1.0,4,53.591087
1.0,4,53.605873
0.0,1,53.61468
0.0,1,53.6235
1.0,7,53.642991
3.0,19,53.684669
1.0,12,53.713722
3.0,15,53.745889
0.0,2,53.756046
1.0,6,53.774419
0.0,1,53.783439
0.0,2,53.794451
2.0,8,53.816553
2.0,7,53.836211
0.0,4,53.849241
0.0,1,53.858113
0.0,5,53.872267
2.0,8,53.894295
3.0,15,53.925494
0.0,2,53.934804
0.0,3,53.946183
2.0,9,53.969056
1.0,9,53.992276
1.0,7,54.011322
0.0,3,54.02127
1.0,8,54.04134
4.0,17,54.076407
2.0,10,54.098875
0.0,2,54.108678
0.0,2,54.118169
3.0,12,54.147983
1.0,11,54.175326
1.0,6,54.193139
0.0,1,54.201463
0.0,3,54.215251
2.0,6,54.233859
2.0,7,54.253736
1.0,5,54.267152
0.0,2,54.275982
0.0,2,54.286286
0.0,9,54.309731
3.0,18,54.348049
0.0,1,54.356121
0.0,2,54.366372
0.0,3,54.376305
2.0,10,54.401809
1.0,9,54.425811
1.0,5,54.443571
1.0,5,54.460275
1.0,7,54.475983
1.0,9,54.497432
0.0,3,54.510963
0.0,1,54.519151
0.0,3,54.531878
1.0,12,54.561213
0.0,3,54.574036
0.0,8,54.594416
0.0,2,54.604555
1.0,5,54.6202
0.0,5,54.634554
0.0,1,54.642553
1.0,5,54.655373
1.0,5,54.670222
0.0,5,54.684507
1.0,5,54.699957
1.0,7,54.718286
1.0,6,54.73432
0.0,2,54.744831
2.0,9,54.768531
0.0,3,54.780806
0.0,2,54.790216
0.0,2,54.801939
2.0,7,54.821757
2.0,9,54.842546
0.0,3,54.854333
1.0,5,54.871603
4.0,17,54.908876
0.0,4,54.920564
1.0,4,54.931377
2.0,8,54.954376
0.0,2,54.964798
3.0,10,54.991623
0.0,2,55.002466
1.0,4,55.016592
0.0,8,55.0377
0.0,11,55.063988
2.0,8,55.085278
0.0,5,55.09999
0.0,2,55.109484
3.0,13,55.140557
2.0,9,55.165027
2.0,10,55.187873
1.0,9,55.211362
4.0,20,55.251219
1.0,4,55.265157
1.0,4,55.275988
1.0,6,55.291751
0.0,5,55.30633
0.0,3,55.318506
1.0,5,55.333788
1.0,6,55.352404
1.0,5,55.368835
0.0,2,55.379574
0.0,2,55.389858
1.0,4,55.404612
0.0,2,55.414233
1.0,8,55.435519
3.0,10,55.462004
3.0,15,55.494814
0.0,2,55.505387
0.0,5,55.520649
1.0,5,55.534785
0.0,3,55.547863
0.0,1,55.557046
2.0,11,55.584332
0.0,2,55.594357
1.0,6,55.61288
2.0,9,55.636884
1.0,6,55.655919
1.0,5,55.672506
0.0,1,55.680375
3.0,10,55.705434
0.0,1,55.714836
1.0,5,55.731718
0.0,2,55.74222
1.0,6,55.760305
2.0,5,55.78113
0.0,1,55.803835
1.0,5,55.822203
1.0,8,55.841818
1.0,5,55.858001
1.0,3,55.870927
0.0,3,55.883238
0.0,1,55.89147
1.0,6,55.907987
0.0,2,55.918234
1.0,5,55.935692
1.0,5,55.952321
1.0,5,55.967698
3.0,10,55.996167
1.0,8,56.015989
0.0,2,56.025695
0.0,1,56.033939
0.0,2,56.045176
0.0,4,56.056075
0.0,3,56.066534
0.0,1,56.074481
0.0,3,56.086446
1.0,4,56.100228
0.0,2,56.110724
1.0,3,56.131005
0.0,4,56.161871
1.0,4,56.174129
2.0,8,56.19528
2.0,7,56.215366
0.0,1,56.2238
0.0,1,56.233155
0.0,3,56.247282
1.0,9,56.272723
2.0,12,56.302264
0.0,5,56.317472
0.0,3,56.328107
0.0,1,56.336385
1.0,9,56.360734
1.0,7,56.381924
1.0,10,56.4082
2.0,8,56.429993
0.0,3,56.442393
2.0,7,56.462354
1.0,9,56.485864
2.0,6,56.502953
0.0,3,56.515766
3.0,9,56.539962
1.0,10,56.566613
0.0,3,56.578683
0.0,8,56.597414
0.0,1,56.605968
1.0,10,56.632536
0.0,1,56.640892
1.0,6,56.660798
3.0,18,57.689082
0.0,1,57.699302
2.0,7,57.720895
1.0,5,57.738165
0.0,3,57.751489
0.0,4,57.768783
0.0,2,57.780705
0.0,5,57.797939
1.0,5,57.812845
1.0,6,57.831854
1.0,4,57.849094
0.0,10,57.877047
0.0,2,57.886821
0.0,5,57.900231
1.0,8,57.919554
0.0,5,57.932318
1.0,8,57.951638
1.0,4,57.967161
1.0,5,57.982759
4.0,14,58.013704
0.0,3,58.025164
1.0,4,58.039226
1.0,6,58.055099
1.0,6,58.073489
1.0,5,58.087893
3.0,19,58.124792
1.0,7,58.171552
1.0,8,58.19257
0.0,7,58.208101
3.0,14,58.241024
0.0,3,58.253424
1.0,4,58.267536
0.0,2,58.277864
1.0,5,58.295524
0.0,7,58.315316
0.0,1,58.325043
2.0,14,58.357282
1.0,9,58.381182
3.0,11,58.40838
0.0,2,58.417347
1.0,14,58.45131
0.0,4,58.463235
0.0,3,58.474622
2.0,8,58.496033
1.0,3,58.508422
3.0,9,58.530353
0.0,2,58.540963
1.0,5,58.555909
0.0,6,58.573529
0.0,3,58.585389
1.0,8,58.606188
2.0,8,58.62905
2.0,6,58.647073
1.0,6,58.665298
2.0,7,58.686496
4.0,21,58.732537
1.0,10,58.757428
0.0,1,58.765883
2.0,12,58.795886
0.0,3,58.805975
0.0,2,58.816647
1.0,6,58.835335
0.0,2,58.845349
1.0,4,58.85999
0.0,4,58.872698
1.0,9,58.896197
1.0,5,58.913796
0.0,3,58.923975
0.0,6,58.942286
0.0,3,58.955235
1.0,4,58.969735
0.0,2,58.978815
1.0,5,58.995992
0.0,2,59.005283
2.0,9,59.026417
1.0,4,59.037037
3.0,11,59.06508
0.0,1,59.073158
1.0,5,59.086965
0.0,1,59.095759
0.0,2,59.105212
1.0,4,59.118938
1.0,5,59.136111
1.0,15,59.166817
0.0,2,59.176604
1.0,9,59.198821
1.0,7,59.21931
1.0,6,59.238492
0.0,2,59.248633
0.0,2,59.258952
1.0,7,59.276985
0.0,2,59.28585
0.0,2,59.295891
0.0,2,59.304941
1.0,6,59.32045
0.0,1,59.329282
1.0,11,59.354807
2.0,12,59.3811
2.0,9,59.404746
2.0,23,59.453681
1.0,4,59.468339
3.0,14,59.49918
1.0,9,59.522943
1.0,9,59.547061
1.0,9,59.570121
3.0,10,59.592478
1.0,5,59.608076
2.0,8,59.630419
1.0,7,59.650707
2.0,12,59.679793
1.0,7,59.699407
1.0,6,59.718616
0.0,1,59.728244
1.0,5,59.744071
2.0,8,59.763949
0.0,2,59.772485
1.0,4,59.786895
0.0,3,59.799792
0.0,2,59.809319
0.0,6,59.826866
0.0,6,59.844916
0.0,3,59.855175
2.0,7,59.874582
5.0,19,59.915132
1.0,5,59.93284
1.0,5,59.948912
1.0,11,59.976159
0.0,5,59.989463
2.0,9,60.009529
2.0,10,60.034372
1.0,7,60.054373
1.0,5,60.070463
3.0,16,60.104064
3.0,19,60.147635
4.0,25,60.204591
0.0,2,60.213049
4.0,14,60.243317
3.0,16,60.279577
2.0,9,60.299762
2.0,17,60.338699
0.0,3,60.35104
1.0,4,60.365757
1.0,7,60.385886
1.0,7,60.405489
0.0,4,60.419516
1.0,6,60.437174
1.0,5,60.453159
2.0,7,60.471672
0.0,1,60.48136
1.0,3,60.493847
3.0,9,60.517265
0.0,2,60.52897
1.0,8,60.551469
1.0,4,60.562269
2.0,11,60.589025
0.0,3,60.602301
1.0,6,60.620694
2.0,15,60.654526
1.0,5,60.670296
2.0,8,60.6926
3.0,11,60.718038
1.0,6,60.738386
1.0,6,60.757275
1.0,6,60.774653
0.0,3,60.797959
0.0,3,60.819971
1.0,4,60.834977
1.0,7,60.856407
0.0,2,60.866469
0.0,3,60.876192
2.0,18,60.916839
0.0,2,60.927511
0.0,1,60.935364
2.0,12,60.962466
0.0,10,60.984753
3.0,10,61.00846
0.0,1,61.016152
0.0,3,61.027745
0.0,1,61.036802
0.0,2,61.045948
0.0,2,61.056287
0.0,6,61.070179
0.0,3,61.082378
5.0,26,61.138228
0.0,3,61.168211
1.0,4,61.184548
0.0,3,61.195617
0.0,6,61.209658
0.0,1,61.21865
1.0,7,61.236517
1.0,7,61.25553
1.0,5,61.270532
0.0,3,61.280616
0.0,3,61.293431
0.0,3,61.306028
1.0,7,61.322246
1.0,5,61.338181
0.0,1,61.346922
0.0,11,61.371598
1.0,6,61.390749
0.0,2,61.399939
1.0,10,61.423817
1.0,6,61.440709
1.0,11,61.465145
1.0,6,61.481426
0.0,1,61.488811
2.0,17,61.524691
0.0,2,61.533869
3.0,11,61.559071
1.0,9,61.580017
0.0,3,61.591295
2.0,10,61.614324
1.0,8,61.637311
0.0,2,61.647501
1.0,5,61.663315
0.0,4,61.677488
2.0,12,61.707166
0.0,10,61.731406
0.0,5,61.745432
1.0,4,61.759771
0.0,3,61.773744
1.0,7,61.792698
0.0,3,61.802694
1.0,10,61.827755
0.0,1,61.836849
1.0,5,61.852402
2.0,13,61.884055
1.0,5,61.900278
0.0,5,61.917177
1.0,7,61.93691
1.0,12,61.965176
3.0,10,61.98746
0.0,2,61.998237
1.0,10,62.019107
0.0,3,62.031678
3.0,13,62.060624
0.0,3,62.071934
0.0,3,62.081923
0.0,4,62.094175
2.0,9,62.117761
2.0,9,62.137879
1.0,8,62.1596
0.0,3,62.171773
4.0,23,62.215356
1.0,5,62.232327
5.0,36,62.30485
0.0,1,62.313754
3.0,10,62.337481
2.0,8,62.357736
1.0,5,62.374183
0.0,2,62.383451
0.0,1,62.392988
1.0,5,62.408999
0.0,2,62.418252
2.0,10,62.441199
0.0,1,62.449124
2.0,13,62.479594
0.0,3,62.49222
1.0,10,62.515724
0.0,3,62.527595
0.0,3,62.53954
0.0,3,62.551127
1.0,8,62.573165
0.0,2,62.584295
2.0,8,62.606254
3.0,9,62.629126
1.0,5,62.644759
0.0,3,62.655632
0.0,1,62.663531
1.0,6,62.680845
4.0,15,62.712766
1.0,11,62.740234
1.0,7,62.756974
0.0,1,62.765646
1.0,4,62.777746
0.0,2,62.788672
0.0,3,62.799694
1.0,5,62.815434
0.0,2,62.825016
0.0,1,62.833167
0.0,2,62.842737
4.0,12,62.868806
1.0,8,62.889094
2.0,11,62.915699
1.0,6,62.934852
2.0,14,62.968297
2.0,12,62.99812
2.0,8,63.019432
0.0,1,63.027789
0.0,3,63.03863
2.0,8,63.059511
4.0,20,63.10225
4.0,14,63.131011
5.0,17,63.166062
2.0,15,63.197748
0.0,3,63.209435
1.0,7,63.226016
0.0,7,63.242781
2.0,8,63.264983
2.0,11,63.290903
1.0,3,63.302535
2.0,11,63.329416
0.0,2,63.339269
0.0,2,63.349188
2.0,12,63.377964
1.0,7,63.400045
1.0,5,63.415581
1.0,7,63.43489
1.0,8,64.439766
1.0,8,64.46512
3.0,15,64.505379
4.0,17,64.546536
2.0,9,64.572263
1.0,5,64.589533
1.0,9,64.613579
0.0,1,64.623741
0.0,1,64.633008
2.0,11,64.658206
0.0,3,64.671196
2.0,13,64.699709
2.0,11,64.7279
2.0,9,64.751542
1.0,9,64.775142
4.0,14,64.809866
3.0,19,64.849286
0.0,3,64.860942
0.0,3,64.871747
2.0,8,64.891587
0.0,1,64.900032
1.0,5,64.915744
0.0,3,64.92737
2.0,11,64.954098
1.0,6,64.973796
1.0,4,64.988439
1.0,9,65.009077
1.0,9,65.033989
2.0,12,65.065334
0.0,3,65.077005
1.0,13,65.100686
3.0,11,65.124924
0.0,3,65.143029
1.0,12,65.188836
0.0,2,65.198714
0.0,4,65.21275
2.0,8,65.236431
3.0,15,65.264636
1.0,4,65.279465
0.0,1,65.287296
3.0,15,65.320875
1.0,6,65.338946
3.0,15,65.370945
2.0,11,65.399712
0.0,5,65.416874
0.0,3,65.429604
2.0,9,65.452367
2.0,10,65.479004
2.0,20,65.521794
3.0,16,65.555564
2.0,13,65.585244
0.0,3,65.595725
1.0,10,65.625289
0.0,3,65.637964
1.0,6,65.655296
4.0,18,65.694736
3.0,18,65.73775
1.0,5,65.753477
1.0,6,65.769996
3.0,11,65.798206
1.0,7,65.816196
3.0,12,65.843574
0.0,4,65.858131
0.0,6,65.874594
0.0,2,65.884841
1.0,6,65.903923
2.0,8,65.926138
1.0,7,65.943815
0.0,1,65.952639
0.0,3,65.963117
0.0,3,65.975803
3.0,15,66.007645
0.0,2,66.016664
3.0,12,66.043355
0.0,3,66.053812
0.0,3,66.064883
0.0,12,66.087744
1.0,6,66.103461
1.0,5,66.119914
2.0,7,66.138557
4.0,17,66.176419
2.0,9,66.20168
2.0,7,66.219205
1.0,6,66.236781
1.0,5,66.252406
0.0,8,66.27267
1.0,8,66.294623
3.0,13,66.318707
2.0,10,66.34216
2.0,7,66.362563
2.0,9,66.38545
2.0,9,66.404303
0.0,3,66.416971
1.0,5,66.431763
1.0,6,66.448734
5.0,14,66.479001
2.0,9,66.500896
1.0,8,66.522807
2.0,10,66.547402
2.0,11,66.572111
2.0,7,66.590498
2.0,9,66.615216
1.0,15,66.648718
1.0,7,66.668989
3.0,9,66.692524
1.0,5,66.707833
3.0,9,66.732322
1.0,5,66.748046
0.0,3,66.759479
0.0,4,66.771132
3.0,13,66.80389
0.0,1,66.812788
1.0,6,66.830534
3.0,12,66.857017
0.0,4,66.868972
4.0,27,66.925239
1.0,9,66.948571
2.0,7,66.969942
2.0,9,66.994312
3.0,15,67.022677
1.0,7,67.04121
0.0,3,67.053858
1.0,6,67.072798
2.0,12,67.102333
0.0,6,67.118608
2.0,11,67.142499
2.0,11,67.170862
1.0,11,67.193987
0.0,2,67.203512
2.0,10,67.228751
0.0,3,67.239709
1.0,6,67.25792
2.0,6,67.27632
0.0,5,67.292246
0.0,7,67.310988
1.0,4,67.322142
1.0,4,67.335658
1.0,4,67.350791
3.0,17,67.38636
1.0,4,67.39761
3.0,12,67.425425
3.0,12,67.450886
0.0,3,67.461424
0.0,5,67.475242
0.0,2,67.484439
0.0,3,67.496841
1.0,6,67.514577
2.0,10,67.539485
1.0,9,67.564144
0.0,6,67.580345
1.0,5,67.595093
0.0,3,67.60665
1.0,6,67.624664
0.0,1,67.633364
0.0,2,67.643307
2.0,9,67.664853
1.0,7,67.68566
4.0,17,67.723492
2.0,17,67.761749
1.0,5,67.777188
1.0,5,67.791472
2.0,14,67.823149
5.0,25,67.873376
0.0,3,67.884848
2.0,6,67.902008
2.0,6,67.916036
1.0,4,67.929096
1.0,4,67.942
2.0,15,67.974291
2.0,7,67.994387
0.0,2,68.00343
2.0,6,68.019698
1.0,6,68.034485
1.0,6,68.048735
0.0,1,68.058088
0.0,2,68.068143
0.0,2,68.078686
3.0,14,68.109209
4.0,17,68.146616
1.0,8,68.166994
3.0,22,68.216762
0.0,4,68.228174
1.0,5,68.244236
0.0,5,68.259247
0.0,2,68.269404
2.0,18,68.308184
0.0,1,68.31646
3.0,12,68.344664
3.0,14,68.376036
0.0,3,68.387535
0.0,1,68.396034
2.0,14,68.429262
3.0,13,68.458735
1.0,20,68.497803
0.0,3,68.508635
3.0,16,68.545031
2.0,19,68.581801
1.0,5,68.596915
0.0,3,68.608451
0.0,3,68.620341
0.0,2,68.629557
1.0,8,68.650167
1.0,8,68.671023
0.0,2,68.68098
3.0,12,68.708152
0.0,3,68.721123
1.0,9,68.743919
0.0,3,68.754195
0.0,2,68.762743
2.0,15,68.793027
1.0,8,68.814707
3.0,11,68.838295
0.0,4,68.85062
2.0,13,68.880492
1.0,12,68.90582
0.0,1,68.914263
4.0,15,68.948143
0.0,4,68.961015
0.0,1,68.970146
0.0,2,68.97956
2.0,8,68.998826
1.0,7,69.017592
2.0,12,69.045442
3.0,17,69.082763
1.0,14,69.114919
0.0,3,69.124979
1.0,9,69.14784
1.0,11,69.173983
1.0,5,69.190317
0.0,3,69.200226
0.0,2,69.209826
1.0,7,69.230768
3.0,16,69.263575
1.0,17,69.300405
1.0,5,69.317489
3.0,13,69.348723
4.0,14,69.380922
1.0,8,69.402196
2.0,11,69.429503
1.0,11,69.453778
0.0,2,69.462948
1.0,5,69.47929
0.0,1,69.488126
3.0,12,69.517803
0.0,3,69.528911
0.0,2,69.538095
0.0,5,69.555089
0.0,6,69.5683
1.0,6,69.583236
2.0,8,69.601549
0.0,2,69.610862
5.0,21,69.654486
1.0,6,69.673219
0.0,1,69.681897
1.0,5,69.696103
0.0,5,69.708854
1.0,7,69.730418
0.0,8,69.750798
0.0,3,69.762007
2.0,10,70.768559
0.0,3,70.784203
1.0,5,70.802065
1.0,6,70.821332
4.0,28,70.880881
1.0,5,70.896205
2.0,7,70.920515
1.0,10,70.945506
2.0,23,70.991351
3.0,13,71.017537
4.0,21,71.057257
0.0,2,71.068107
1.0,5,71.081831
2.0,12,71.106852
1.0,6,71.124416
4.0,23,71.171364
1.0,7,71.191407
1.0,5,71.207884
1.0,13,71.234325
3.0,15,71.263506
3.0,16,71.292002
3.0,17,71.329575
0.0,2,71.338468
3.0,19,71.374679
0.0,2,71.384848
1.0,6,71.40054
1.0,5,71.416157
3.0,14,71.446375
0.0,2,71.456952
3.0,11,71.482859
1.0,8,71.526515
1.0,6,71.545982
2.0,13,71.574996
1.0,4,71.586633
0.0,3,71.59939
1.0,13,71.624398
0.0,3,71.636958
2.0,14,71.669013
0.0,2,71.679115
4.0,20,71.721087
0.0,3,71.734799
1.0,8,71.762048
1.0,12,71.787689
0.0,3,71.799262
2.0,14,71.833304
2.0,7,71.854325
5.0,24,71.899564
1.0,13,71.927016
2.0,16,71.962703
2.0,7,71.979786
5.0,22,72.022396
1.0,11,72.046933
8.0,32,72.109843
0.0,4,72.124265
0.0,2,72.13341
3.0,13,72.162842
2.0,13,72.192674
5.0,21,72.23601
2.0,12,72.264409
3.0,14,72.294041
2.0,13,72.32779
3.0,13,72.358119
0.0,1,72.36615
0.0,2,72.375597
0.0,1,72.383965
0.0,2,72.394408
0.0,2,72.404354
1.0,5,72.419542
0.0,3,72.42959
2.0,15,72.461464
1.0,4,72.474371
4.0,11,72.498735
0.0,1,72.507112
2.0,10,72.530764
4.0,23,72.572464
0.0,2,72.583342
2.0,14,72.616183
2.0,14,72.647108
2.0,13,72.676888
0.0,5,72.69142
3.0,17,72.727786
0.0,4,72.740767
1.0,11,72.76303
1.0,12,72.788131
1.0,6,72.806161
0.0,5,72.817747
1.0,6,72.836523
1.0,5,72.853144
4.0,19,72.889958
1.0,7,72.909027
2.0,8,72.928837
3.0,17,72.966581
1.0,12,72.992275
0.0,1,73.000448
0.0,3,73.010998
4.0,17,73.046427
1.0,6,73.063962
1.0,9,73.086871
2.0,15,73.12119
0.0,9,73.142179
0.0,3,73.155593
5.0,24,73.200212
4.0,17,73.237413
2.0,8,73.260405
2.0,13,73.289868
2.0,8,73.311614
1.0,5,73.327262
0.0,2,73.336239
1.0,6,73.352789
0.0,3,73.363914
4.0,15,73.397164
4.0,18,73.434363
3.0,12,73.459173
1.0,3,73.470033
3.0,12,73.498065
0.0,3,73.508589
1.0,4,73.522991
0.0,8,73.542661
0.0,6,73.559346
2.0,8,73.581037
2.0,7,73.598618
0.0,3,73.610596
2.0,14,73.642719
0.0,6,73.659887
1.0,4,73.672013
1.0,6,73.689977
0.0,5,73.704853
0.0,6,73.720426
0.0,6,73.736121
1.0,9,73.758769
0.0,2,73.768775
2.0,11,73.793845
3.0,15,73.826948
0.0,2,73.837341
0.0,4,73.850089
1.0,11,73.874681
2.0,9,73.894135
1.0,6,73.911594
1.0,11,73.937413
1.0,10,73.95963
4.0,18,73.994968
0.0,3,74.007068
1.0,5,74.02421
2.0,17,74.059858
1.0,11,74.083931
2.0,16,74.122539
1.0,9,74.146307
3.0,13,74.175888
1.0,6,74.194286
2.0,8,74.215198
3.0,10,74.241498
4.0,26,74.295178
4.0,22,74.339117
0.0,1,74.34909
0.0,5,74.363017
1.0,4,74.377594
0.0,2,74.386663
2.0,7,74.406507
1.0,6,74.425079
0.0,1,74.433659
2.0,12,74.460452
0.0,3,74.471045
1.0,9,74.490868
1.0,4,74.504721
4.0,20,74.54696
3.0,10,74.570736
2.0,13,74.600301
3.0,16,74.637451
2.0,9,74.66182
1.0,8,74.680132
2.0,16,74.71503
0.0,1,74.723914
0.0,2,74.733265
4.0,16,74.767682
0.0,3,74.777909
1.0,4,74.789487
4.0,19,74.82394
1.0,13,74.852411
4.0,13,74.880465
0.0,3,74.890828
1.0,7,74.906555
0.0,3,74.917092
3.0,20,74.954557
4.0,14,74.985639
1.0,6,75.004915
2.0,15,75.039579
1.0,6,75.057593
1.0,6,75.075338
1.0,7,75.094599
1.0,6,75.111473
2.0,18,75.147808
5.0,22,75.191607
1.0,7,75.207872
0.0,3,75.219567
1.0,7,75.237398
3.0,14,75.27092
3.0,15,75.300096
2.0,9,75.323535
2.0,8,75.345591
0.0,1,75.354436
0.0,1,75.363106
5.0,23,75.463897
0.0,3,75.475021
0.0,9,75.495754
1.0,5,75.510284
1.0,10,75.532713
2.0,11,75.559345
1.0,5,75.574589
1.0,5,75.591164
1.0,8,75.609298
0.0,2,75.61823
3.0,16,75.651465
1.0,15,75.687112
0.0,12,75.71745
0.0,4,75.730838
0.0,1,75.739779
1.0,4,75.75329
1.0,9,75.775387
3.0,16,75.814745
