#{"t_start": 1653441351.095671, "env_id": null}
r,l,t
0.0,2,0.015946
0.0,3,0.027931
0.0,3,0.038575
0.0,2,0.048756
1.0,4,0.063497
0.0,1,0.071152
0.0,4,0.084234
0.0,1,0.09241
0.0,1,0.101726
0.0,2,0.112871
0.0,2,0.123274
0.0,2,0.133905
0.0,4,0.146963
0.0,1,0.155387
0.0,4,0.16977
0.0,1,0.177366
0.0,1,0.185746
0.0,1,0.193358
0.0,1,0.202002
0.0,4,0.215581
0.0,1,0.224623
0.0,1,0.233906
0.0,1,0.242097
0.0,2,0.253636
0.0,1,0.262154
0.0,1,0.270118
0.0,3,0.282528
0.0,2,0.293767
0.0,4,0.30748
0.0,2,0.318039
0.0,1,0.326521
0.0,1,0.335544
0.0,2,0.345931
0.0,2,0.356234
1.0,5,0.373836
0.0,2,0.384318
0.0,3,0.396219
0.0,3,0.409314
0.0,2,0.420113
0.0,2,0.430964
0.0,5,0.447041
0.0,1,0.456153
0.0,1,0.465045
2.0,7,0.484626
1.0,8,0.505359
1.0,4,0.518315
0.0,3,0.530711
1.0,6,0.549393
0.0,1,0.557596
0.0,1,0.565642
0.0,1,0.573869
0.0,1,0.581444
0.0,4,0.594877
0.0,3,0.605603
0.0,1,0.6143
0.0,4,0.62623
0.0,1,0.634323
0.0,1,0.642559
0.0,1,0.650992
0.0,2,0.662123
0.0,2,0.672756
0.0,2,0.682539
0.0,4,0.697289
0.0,1,0.705767
0.0,3,0.717094
1.0,6,0.735607
0.0,1,0.743763
0.0,3,0.75617
0.0,1,0.765426
0.0,1,0.773047
0.0,2,0.784078
0.0,2,0.795009
0.0,1,0.803509
0.0,1,0.811903
0.0,1,0.81901
0.0,2,0.83021
0.0,2,0.840456
0.0,4,0.853625
0.0,4,0.868723
0.0,4,0.882171
1.0,5,0.897855
0.0,3,0.909688
0.0,3,0.919576
0.0,3,0.931644
0.0,2,0.940374
0.0,1,0.948373
0.0,1,0.956549
0.0,3,0.969551
0.0,2,0.980612
0.0,4,0.995549
0.0,1,1.004179
0.0,4,1.018925
1.0,4,1.033284
0.0,1,1.041469
1.0,3,1.054179
0.0,2,1.065454
0.0,1,1.074327
0.0,1,1.083006
0.0,2,1.093581
0.0,2,1.103028
0.0,2,1.113497
0.0,4,1.127845
0.0,2,1.137937
0.0,2,1.148627
0.0,1,1.157422
0.0,2,1.166464
0.0,6,1.183959
0.0,3,1.195013
0.0,4,1.20844
0.0,3,1.219841
0.0,3,1.232838
0.0,1,1.240711
0.0,2,1.251834
0.0,2,1.262759
1.0,4,1.276321
1.0,6,1.294475
0.0,2,1.30439
0.0,1,1.31207
0.0,2,1.322387
1.0,8,1.343963
0.0,3,1.357361
0.0,3,1.37031
1.0,4,1.385232
0.0,1,1.394119
1.0,7,1.413673
0.0,2,1.424111
1.0,7,1.444143
0.0,1,1.453327
0.0,4,1.467786
0.0,1,1.475734
0.0,1,1.484476
0.0,3,1.496478
0.0,1,1.504876
0.0,1,1.514051
0.0,2,1.524853
0.0,2,1.534931
0.0,2,1.545117
1.0,4,1.558578
0.0,2,1.56885
0.0,1,1.576708
1.0,5,1.592648
1.0,6,1.609092
0.0,2,1.618753
0.0,2,1.627363
0.0,1,1.637002
0.0,1,1.646155
0.0,1,1.654981
0.0,1,1.662718
0.0,2,1.673192
1.0,6,1.68979
0.0,1,1.699151
0.0,1,1.707523
0.0,1,1.715869
1.0,6,1.732642
1.0,4,1.747148
0.0,3,1.758837
0.0,2,1.770633
2.0,8,1.792437
0.0,1,1.800664
1.0,3,1.812671
0.0,2,1.822583
0.0,2,1.832528
0.0,1,1.842072
0.0,1,1.851372
0.0,3,1.864394
0.0,2,1.872883
1.0,4,1.886797
1.0,4,1.900769
0.0,2,1.912316
1.0,6,1.928658
0.0,4,1.943666
0.0,2,1.954859
1.0,5,1.971425
0.0,2,1.981423
0.0,4,1.995164
0.0,1,2.003557
0.0,1,2.011494
0.0,1,2.019718
0.0,3,2.032802
0.0,2,2.0419
0.0,1,2.051091
0.0,2,2.06064
0.0,2,2.071212
0.0,2,2.081775
0.0,2,2.091842
0.0,2,2.101805
0.0,1,2.110428
0.0,1,2.118951
2.0,7,2.138042
0.0,2,2.147702
0.0,1,2.156525
0.0,1,2.164854
1.0,6,2.181602
1.0,9,2.20658
0.0,2,2.217152
0.0,1,2.225226
1.0,6,2.243095
0.0,3,2.255349
0.0,4,2.269126
0.0,1,2.27713
0.0,1,2.286369
1.0,4,2.300257
0.0,1,2.309155
1.0,3,2.320674
0.0,2,2.330156
0.0,3,2.343079
0.0,3,2.354261
0.0,2,2.363213
0.0,1,2.372266
1.0,5,2.388216
1.0,4,2.403271
0.0,1,2.4115
1.0,7,2.430276
0.0,1,2.438393
0.0,3,2.449663
1.0,6,2.46775
0.0,1,2.476576
0.0,1,2.484329
0.0,1,2.492697
1.0,5,2.506897
0.0,2,2.515806
0.0,2,2.525095
0.0,1,2.534443
1.0,7,2.553785
0.0,1,2.562664
0.0,2,2.57205
0.0,2,2.583115
0.0,3,2.595577
0.0,1,2.604582
0.0,4,2.619018
1.0,5,2.634334
0.0,1,2.6434
0.0,2,2.654197
0.0,1,2.662041
0.0,2,2.672397
0.0,2,2.683505
0.0,1,2.692264
1.0,4,2.705458
0.0,1,2.714914
0.0,2,2.724631
0.0,1,2.732767
0.0,5,2.748972
0.0,2,2.759383
1.0,4,2.77318
0.0,4,2.78697
0.0,2,2.797795
0.0,2,2.80784
0.0,2,2.817062
0.0,3,2.829282
2.0,9,2.851357
1.0,7,2.871734
0.0,1,2.879941
1.0,9,2.903829
0.0,1,2.912047
0.0,4,2.925649
0.0,1,2.93385
0.0,2,2.944485
0.0,2,2.954916
1.0,5,2.970378
0.0,2,2.980412
0.0,3,2.993604
0.0,1,3.002206
0.0,3,3.014576
0.0,6,3.030688
0.0,1,3.039657
0.0,6,3.057714
0.0,1,3.06597
0.0,2,3.076247
0.0,2,3.086843
0.0,1,3.095569
0.0,4,3.110372
0.0,2,3.121133
0.0,3,3.132954
1.0,5,3.149377
0.0,2,3.160736
0.0,2,3.16995
0.0,1,3.179038
0.0,2,3.190166
0.0,1,3.197789
0.0,2,3.207069
1.0,6,3.226259
0.0,2,3.236453
0.0,1,3.245641
0.0,1,3.254411
0.0,2,3.264195
0.0,2,3.274492
1.0,8,3.297212
1.0,4,3.311844
0.0,2,3.321962
0.0,1,3.330686
1.0,4,3.345213
0.0,1,3.353141
0.0,3,3.363519
0.0,1,3.372603
0.0,2,3.383167
0.0,1,3.391768
0.0,2,3.402912
0.0,2,3.414021
0.0,1,3.422672
0.0,5,3.436726
1.0,5,3.452465
0.0,1,3.459872
0.0,1,3.468056
1.0,4,3.483298
0.0,3,3.496244
0.0,1,3.504825
1.0,4,3.518599
0.0,1,3.526978
0.0,2,3.53679
0.0,4,3.549322
0.0,1,3.558242
0.0,2,3.568724
0.0,1,3.57779
0.0,1,3.585954
0.0,2,3.596556
0.0,3,3.609368
0.0,3,3.622763
0.0,2,3.632071
0.0,2,3.64238
0.0,3,3.655573
0.0,2,3.665405
0.0,2,3.674873
0.0,2,3.685029
0.0,2,3.693668
0.0,2,3.70305
0.0,2,3.711249
0.0,3,3.723006
0.0,4,3.735514
0.0,1,3.744312
0.0,2,3.753664
0.0,1,3.762317
0.0,1,3.77013
0.0,3,3.783939
0.0,2,3.794874
0.0,1,3.8036
0.0,1,3.812474
0.0,2,3.822619
0.0,1,3.830555
0.0,1,3.839182
1.0,7,3.85722
1.0,5,3.873668
0.0,2,3.883386
0.0,1,3.893173
0.0,5,3.908685
0.0,2,3.91925
0.0,1,3.927084
0.0,4,3.941103
1.0,4,3.955285
0.0,2,3.965816
0.0,4,3.97965
0.0,1,3.987747
0.0,2,3.997332
0.0,2,4.006934
0.0,3,4.018154
0.0,3,4.030218
0.0,3,4.04303
0.0,2,4.053315
0.0,2,4.063908
0.0,1,4.072432
1.0,3,4.085324
0.0,3,4.097937
0.0,9,4.12076
0.0,1,4.128726
0.0,1,4.136933
0.0,2,4.147001
0.0,1,4.156162
0.0,4,4.169476
0.0,2,4.179212
0.0,2,4.189763
0.0,2,4.200835
3.0,13,4.230222
1.0,5,4.247014
0.0,1,4.25596
0.0,2,4.265469
0.0,1,4.27359
0.0,1,4.28169
0.0,3,4.294276
0.0,1,4.301799
1.0,6,4.320097
0.0,3,4.331877
0.0,2,4.342253
0.0,3,4.352731
0.0,1,4.361304
0.0,1,4.369461
0.0,2,4.378824
0.0,1,4.387113
0.0,1,4.396634
0.0,2,4.406672
1.0,6,4.42575
0.0,3,4.436832
0.0,1,4.445647
0.0,1,4.453877
0.0,1,4.462992
0.0,1,4.470827
0.0,3,4.482616
1.0,5,4.498547
0.0,2,4.508516
0.0,1,4.517676
2.0,7,4.537605
0.0,3,4.548859
0.0,3,4.561158
0.0,1,4.569379
1.0,8,4.59219
2.0,8,4.612728
0.0,1,4.621955
0.0,1,4.630325
0.0,2,4.641501
0.0,1,4.649765
0.0,1,4.657432
0.0,1,4.666552
1.0,7,4.685335
0.0,1,4.693409
0.0,2,4.702993
0.0,1,4.710571
0.0,1,4.719976
0.0,3,4.731887
0.0,3,4.744246
0.0,3,4.756036
0.0,2,4.766776
1.0,3,4.779335
0.0,1,4.787894
1.0,3,4.799434
1.0,3,4.812672
0.0,3,4.824619
0.0,4,4.838577
1.0,4,4.851919
0.0,1,4.860276
0.0,1,4.869
0.0,2,4.877857
0.0,1,4.886849
0.0,3,4.899838
0.0,4,4.91329
0.0,1,4.921609
1.0,5,4.938116
0.0,1,4.947104
0.0,1,4.955354
0.0,1,4.963933
0.0,2,4.973817
0.0,1,4.982065
0.0,2,4.993094
0.0,4,5.00759
0.0,5,5.024478
0.0,3,5.035519
1.0,6,5.052398
0.0,1,5.060943
0.0,2,5.071659
0.0,1,5.07992
0.0,1,5.08812
0.0,3,5.100551
0.0,1,5.108888
0.0,1,5.117266
0.0,1,5.125743
0.0,1,5.134691
0.0,3,5.146928
0.0,3,5.15948
0.0,2,5.168995
0.0,2,5.180237
0.0,3,5.191467
0.0,2,5.20255
0.0,2,5.212183
0.0,2,5.222355
0.0,2,5.231565
1.0,5,5.248963
0.0,2,5.260059
0.0,1,5.269929
0.0,1,5.27784
0.0,1,5.287136
0.0,3,5.299958
0.0,1,5.308305
0.0,6,5.325842
0.0,2,5.337528
1.0,4,5.351741
0.0,3,5.363686
0.0,3,5.374865
0.0,4,5.388745
0.0,3,5.400244
0.0,3,5.412004
0.0,2,5.421738
0.0,3,5.434407
0.0,1,5.443006
0.0,1,5.451841
0.0,3,5.463627
0.0,2,5.473785
1.0,8,5.493114
0.0,1,5.502093
0.0,1,5.51036
0.0,1,5.519509
0.0,2,5.529241
0.0,1,5.538283
1.0,6,5.556019
0.0,1,5.565744
0.0,2,5.575535
1.0,5,5.59286
0.0,1,5.601449
0.0,3,5.61081
0.0,2,5.62142
0.0,3,5.634184
1.0,8,5.656811
0.0,2,5.667099
0.0,4,5.680277
0.0,1,5.688833
0.0,3,5.700636
0.0,1,5.708951
0.0,1,5.716645
0.0,1,5.725734
1.0,5,5.741337
1.0,3,5.755073
0.0,1,5.763436
1.0,5,5.778686
0.0,1,5.787363
0.0,1,5.796134
0.0,3,5.806554
0.0,3,5.817994
1.0,7,5.836096
0.0,4,5.85039
0.0,1,5.858971
0.0,2,5.869428
0.0,1,5.877264
0.0,1,5.885846
0.0,1,5.894149
0.0,2,5.904291
0.0,3,5.915152
0.0,3,5.92682
0.0,1,5.934793
1.0,7,5.952583
0.0,1,5.961708
0.0,7,5.979587
0.0,1,5.98822
0.0,1,5.996899
1.0,6,6.014324
0.0,6,6.031755
0.0,2,6.043019
0.0,1,6.052031
0.0,5,6.067975
2.0,10,6.094194
0.0,2,6.103385
0.0,1,6.112578
0.0,2,6.122428
1.0,8,6.143032
0.0,2,6.154062
0.0,3,6.16739
1.0,5,6.180805
2.0,10,6.206456
0.0,2,6.216989
0.0,1,6.225634
0.0,1,6.234484
0.0,3,6.24792
0.0,1,6.255764
0.0,1,6.26405
1.0,9,6.286014
1.0,6,6.302882
0.0,2,6.31354
0.0,5,6.330993
0.0,2,6.34171
0.0,1,6.350411
0.0,1,6.35935
0.0,1,6.367288
0.0,2,6.377365
0.0,3,6.390102
1.0,3,6.402011
0.0,1,6.410455
1.0,4,6.424546
0.0,2,6.43467
1.0,4,6.448528
0.0,1,6.456646
0.0,7,6.474439
1.0,3,6.487316
0.0,2,6.497369
0.0,3,6.510587
0.0,3,6.521828
0.0,1,6.530213
1.0,3,6.542255
0.0,1,6.549979
0.0,1,6.5588
0.0,3,6.570982
0.0,2,6.58091
1.0,9,6.604071
0.0,4,6.616266
3.0,10,6.640428
1.0,4,6.654872
0.0,3,6.667335
0.0,1,6.675952
1.0,4,6.690069
0.0,2,6.700222
0.0,2,6.711137
0.0,8,6.731662
0.0,2,6.741718
0.0,1,6.750582
0.0,1,6.759352
0.0,2,6.769729
0.0,4,6.782735
0.0,2,6.791772
0.0,4,6.805619
0.0,3,6.818543
1.0,5,6.83373
0.0,2,6.843415
0.0,1,6.852026
0.0,2,6.862084
0.0,1,6.870774
0.0,2,6.880434
0.0,1,6.889027
0.0,3,6.901552
0.0,2,6.911942
1.0,4,6.925701
0.0,1,6.93501
0.0,1,6.943722
0.0,1,6.953193
0.0,1,6.961061
0.0,2,6.971746
0.0,3,6.984228
0.0,1,6.993127
0.0,2,7.00297
0.0,3,7.016003
1.0,3,7.028606
0.0,3,7.042346
0.0,1,7.050047
0.0,1,7.058497
0.0,3,7.069379
1.0,6,7.087522
0.0,2,7.097513
0.0,1,7.105919
0.0,6,7.123334
1.0,5,7.140459
1.0,6,7.158066
0.0,1,7.165986
0.0,3,7.178654
0.0,1,7.186976
0.0,2,7.197951
0.0,1,7.206315
0.0,1,7.214834
0.0,4,7.226466
0.0,2,7.237179
0.0,4,7.251981
0.0,6,7.269573
0.0,1,7.277334
0.0,1,7.284879
0.0,2,7.294545
0.0,1,7.303921
1.0,4,7.317469
2.0,7,7.337166
0.0,2,7.346313
0.0,3,7.359434
0.0,1,7.368141
0.0,3,7.380455
0.0,3,7.393403
1.0,6,7.409624
0.0,1,7.417671
0.0,3,7.429709
0.0,5,7.446302
0.0,1,7.454846
0.0,2,7.465874
0.0,1,7.474593
0.0,1,7.483508
1.0,5,7.499311
0.0,2,7.509762
0.0,6,7.527927
1.0,4,7.542331
2.0,6,7.559735
0.0,1,7.568551
1.0,6,7.586454
0.0,7,7.606098
0.0,2,7.61555
0.0,2,7.626915
1.0,4,7.640894
0.0,1,7.649749
0.0,2,7.659397
1.0,7,7.678307
0.0,1,7.68651
0.0,2,7.69657
1.0,7,7.716106
0.0,1,7.725317
0.0,1,7.734284
0.0,1,7.742553
1.0,4,7.756785
0.0,2,7.767861
0.0,1,7.776567
0.0,1,7.784971
1.0,4,7.79868
1.0,5,7.814392
0.0,1,7.823091
0.0,3,7.835358
1.0,7,7.85612
1.0,4,7.870668
0.0,2,7.880072
0.0,7,7.900918
0.0,3,7.913203
1.0,4,7.92839
0.0,3,7.940434
0.0,6,7.958421
0.0,1,7.967224
0.0,1,7.975952
0.0,4,7.990837
0.0,1,8.000203
0.0,2,8.011687
0.0,3,8.023795
0.0,1,8.031915
0.0,3,8.045071
1.0,5,8.061338
0.0,2,8.071606
0.0,2,8.080527
1.0,5,8.096809
0.0,1,8.105423
1.0,9,8.129626
0.0,3,8.14163
0.0,2,8.150984
0.0,2,8.160254
0.0,1,8.168151
0.0,1,8.177333
0.0,1,8.185284
0.0,1,8.193869
0.0,3,8.206553
0.0,2,8.216475
0.0,1,8.22412
0.0,6,8.241412
1.0,4,8.25556
0.0,2,8.26393
0.0,1,8.272318
1.0,5,8.288175
0.0,2,8.298997
0.0,1,8.306859
0.0,2,8.317331
0.0,1,8.325919
0.0,2,8.336993
0.0,5,8.352876
0.0,1,8.360743
1.0,5,8.377379
0.0,3,8.389347
0.0,2,8.400077
0.0,3,8.41346
0.0,6,8.431373
0.0,5,8.447393
0.0,1,8.456532
0.0,1,8.465012
1.0,8,8.485943
1.0,4,8.500852
0.0,3,8.513927
0.0,1,8.523101
0.0,2,8.533696
0.0,3,8.546231
0.0,2,8.55516
0.0,1,8.563692
0.0,2,8.573633
0.0,1,8.582155
1.0,7,8.599684
0.0,3,8.612471
0.0,1,8.620533
0.0,3,8.633018
0.0,2,8.642288
1.0,5,8.658591
0.0,1,8.667823
0.0,3,8.679584
0.0,4,8.691805
0.0,3,8.704948
0.0,1,8.713235
0.0,1,8.72101
0.0,1,8.730398
1.0,5,8.74685
0.0,4,8.758516
0.0,3,8.771214
1.0,7,8.790524
0.0,1,8.799164
1.0,4,8.813009
0.0,3,9.572713
2.0,9,9.596704
1.0,4,9.611376
0.0,1,9.620913
0.0,10,9.646047
1.0,5,9.663037
1.0,6,9.680569
0.0,4,9.695233
1.0,6,9.714108
0.0,1,9.722742
0.0,3,9.734059
0.0,2,9.744249
0.0,3,9.756042
1.0,3,9.768564
2.0,8,9.79127
0.0,7,9.811068
1.0,7,9.831162
0.0,5,9.846857
0.0,1,9.854824
0.0,2,9.864451
0.0,1,9.872152
1.0,9,9.894723
0.0,2,9.903861
0.0,3,9.916952
0.0,1,9.925678
1.0,4,9.940699
0.0,3,9.95398
0.0,3,9.967054
0.0,2,9.976393
0.0,8,9.997407
0.0,2,10.007912
0.0,1,10.017341
1.0,4,10.031506
0.0,2,10.042932
0.0,3,10.055276
0.0,1,10.064073
1.0,4,10.076276
0.0,1,10.084499
0.0,8,10.106761
1.0,4,10.121643
0.0,2,10.131735
0.0,2,10.142443
0.0,3,10.153975
0.0,2,10.162996
0.0,3,10.174543
0.0,2,10.185161
0.0,1,10.194489
2.0,7,10.214959
0.0,2,10.224628
0.0,2,10.235066
0.0,2,10.245734
2.0,8,10.268442
1.0,5,10.28449
1.0,4,10.298171
0.0,1,10.306103
0.0,4,10.318691
0.0,4,10.332347
1.0,4,10.347437
2.0,9,10.3716
1.0,4,10.385754
0.0,3,10.396498
0.0,1,10.40521
0.0,3,10.417461
0.0,1,10.425006
0.0,1,10.433057
2.0,8,10.453862
0.0,9,10.477325
1.0,7,10.497376
0.0,2,10.507703
0.0,1,10.515996
0.0,3,10.528095
0.0,1,10.53751
0.0,3,10.549027
0.0,2,10.559449
0.0,3,10.571204
0.0,3,10.584925
0.0,1,10.59234
0.0,1,10.60179
0.0,3,10.613875
1.0,11,10.641447
1.0,5,10.657815
0.0,1,10.666452
0.0,1,10.67413
0.0,1,10.681912
0.0,3,10.693385
0.0,1,10.701661
1.0,8,10.723436
0.0,3,10.735839
0.0,4,10.750326
1.0,4,10.764651
0.0,3,10.777317
0.0,4,10.791195
0.0,3,10.803585
0.0,2,10.812807
0.0,1,10.82158
0.0,3,10.834165
0.0,2,10.843425
0.0,1,10.852546
0.0,1,10.861528
0.0,1,10.86971
0.0,1,10.8782
0.0,2,10.8882
0.0,2,10.897421
0.0,3,10.910806
1.0,5,10.92561
0.0,3,10.938528
0.0,1,10.946597
0.0,1,10.954633
0.0,3,10.966638
0.0,2,10.977434
0.0,2,10.988311
0.0,2,10.997968
0.0,9,11.021206
1.0,7,11.040786
0.0,3,11.052938
0.0,2,11.063636
0.0,4,11.076152
0.0,1,11.084288
1.0,15,11.117597
0.0,2,11.128805
0.0,3,11.140229
0.0,3,11.154179
0.0,5,11.170163
1.0,3,11.182588
1.0,11,11.208459
0.0,2,11.219725
1.0,5,11.235648
0.0,2,11.245462
0.0,2,11.25576
1.0,9,11.276087
0.0,2,11.286358
0.0,1,11.295509
2.0,8,11.316422
0.0,5,11.33251
0.0,2,11.341836
0.0,2,11.353352
1.0,4,11.367265
1.0,6,11.385201
0.0,2,11.395275
0.0,2,11.406235
0.0,4,11.420993
0.0,2,11.431187
0.0,1,11.439322
0.0,2,11.449463
0.0,5,11.465239
0.0,2,11.477102
1.0,6,11.495905
0.0,3,11.508708
0.0,1,11.517783
0.0,1,11.525895
0.0,1,11.534139
0.0,3,11.544169
0.0,4,11.558074
0.0,2,11.568051
0.0,1,11.576013
0.0,3,11.589549
0.0,1,11.597871
3.0,15,11.632087
0.0,4,11.644568
0.0,3,11.656171
0.0,1,11.664268
0.0,1,11.673113
1.0,4,11.686978
2.0,6,11.704987
0.0,1,11.714016
0.0,1,11.722179
0.0,2,11.731034
0.0,3,11.741896
1.0,5,11.759484
1.0,4,11.774519
0.0,1,11.782872
0.0,1,11.791663
0.0,2,11.800613
0.0,7,11.818434
0.0,1,11.827805
1.0,4,11.842242
0.0,1,11.851564
0.0,1,11.861199
0.0,3,11.873661
0.0,1,11.882697
0.0,3,11.893586
0.0,2,11.904526
0.0,2,11.914069
2.0,7,11.934255
1.0,5,11.950484
0.0,2,11.961283
0.0,2,11.971796
1.0,3,11.984313
0.0,2,11.994806
0.0,2,12.005245
1.0,6,12.022464
1.0,4,12.037511
1.0,4,12.05186
0.0,3,12.064634
0.0,3,12.076288
0.0,1,12.085295
0.0,3,12.098606
0.0,3,12.108732
0.0,3,12.119727
0.0,3,12.129747
0.0,3,12.142858
0.0,2,12.152868
0.0,6,12.170435
2.0,9,12.193754
1.0,4,12.208315
2.0,7,12.229195
0.0,1,12.236604
0.0,1,12.245004
1.0,4,12.257648
0.0,1,12.2674
0.0,1,12.275806
0.0,1,12.284789
0.0,2,12.295935
1.0,5,12.312336
0.0,1,12.320777
1.0,3,12.332758
1.0,6,12.350825
0.0,2,12.361028
0.0,2,12.370528
0.0,2,12.382393
0.0,2,12.391246
0.0,1,12.40009
0.0,2,12.409373
0.0,2,12.419626
1.0,3,12.433056
1.0,6,12.449667
0.0,1,12.458536
2.0,9,12.482609
0.0,3,12.494023
0.0,6,12.511753
0.0,2,12.522035
0.0,1,12.530149
0.0,2,12.540012
0.0,2,12.550208
1.0,6,12.567426
0.0,5,12.581974
0.0,2,12.591163
0.0,3,12.603977
0.0,2,12.613607
0.0,2,12.623051
0.0,1,12.631451
0.0,3,12.642992
0.0,1,12.650849
0.0,1,12.659213
0.0,3,12.672887
0.0,1,12.680659
1.0,5,12.692602
0.0,1,12.700895
0.0,1,12.70897
0.0,1,12.71671
0.0,3,12.729288
0.0,2,12.740628
0.0,1,12.748917
2.0,10,12.775294
0.0,2,12.78489
0.0,2,12.794423
1.0,5,12.80979
0.0,2,12.821033
0.0,2,12.831776
0.0,1,12.840455
2.0,8,12.861049
1.0,4,12.875078
1.0,7,12.893023
0.0,1,12.901643
0.0,3,12.91211
0.0,1,12.921027
0.0,1,12.929068
0.0,4,12.943931
0.0,1,12.952582
0.0,1,12.960531
0.0,1,12.969145
0.0,3,12.981117
0.0,1,12.990022
1.0,5,13.004677
0.0,4,13.019568
0.0,1,13.027991
0.0,7,13.046883
0.0,3,13.05861
2.0,10,13.083377
0.0,1,13.091738
0.0,2,13.10288
0.0,1,13.111386
1.0,5,13.125797
0.0,1,13.134807
1.0,5,13.151281
1.0,6,13.169945
0.0,1,13.178481
1.0,8,13.200994
0.0,5,13.217444
0.0,2,13.228487
0.0,3,13.239275
0.0,1,13.248569
0.0,4,13.261433
0.0,3,13.273718
0.0,1,13.28243
0.0,1,13.290974
0.0,3,13.303475
0.0,1,13.311815
0.0,1,13.320752
0.0,1,13.329667
0.0,3,13.342
0.0,2,13.353212
2.0,8,13.373631
0.0,1,13.382084
1.0,9,13.406311
0.0,1,13.416234
0.0,1,13.424881
0.0,2,13.434923
0.0,6,13.451418
0.0,2,13.4618
0.0,3,13.47313
2.0,8,13.495109
0.0,4,13.509085
1.0,7,13.531343
0.0,4,13.545367
0.0,6,13.56526
0.0,3,13.577451
0.0,1,13.588339
0.0,1,13.595825
0.0,2,13.606631
1.0,5,13.622555
0.0,3,13.635544
0.0,1,13.643472
2.0,7,13.66269
0.0,3,13.67534
0.0,1,13.684667
0.0,4,13.698096
0.0,2,13.709264
1.0,5,13.725178
0.0,1,13.732786
1.0,4,13.746699
0.0,1,13.754725
1.0,6,13.772536
0.0,2,13.781687
0.0,3,13.794061
1.0,5,13.811382
0.0,3,13.822692
0.0,1,13.831497
0.0,1,13.840141
0.0,1,13.849152
0.0,3,13.861208
0.0,3,13.873987
1.0,7,13.893063
0.0,3,13.905075
0.0,1,13.913726
0.0,1,13.921564
0.0,1,13.929435
0.0,2,13.939701
0.0,1,13.947963
0.0,3,13.959716
0.0,1,13.967394
1.0,4,13.981595
0.0,3,13.993386
1.0,5,14.008779
0.0,3,14.020184
0.0,3,14.033744
0.0,2,14.044448
0.0,1,14.052129
0.0,2,14.06235
0.0,3,14.074665
0.0,1,14.083795
0.0,2,14.093761
0.0,2,14.103499
0.0,6,14.12245
0.0,3,14.133886
0.0,2,14.144855
1.0,5,14.160357
0.0,4,14.174082
1.0,5,14.188902
2.0,9,14.212614
0.0,4,14.227114
0.0,2,14.237481
0.0,3,14.250291
0.0,2,14.259967
1.0,6,14.278318
0.0,2,14.288631
0.0,1,14.295903
1.0,5,14.311604
0.0,1,14.319253
0.0,3,14.332289
0.0,1,14.339946
0.0,1,14.349524
0.0,5,14.365533
0.0,1,14.373713
0.0,5,14.387676
1.0,5,14.404779
0.0,2,14.415245
1.0,3,14.427155
0.0,7,14.446286
1.0,5,14.460436
0.0,1,14.468628
0.0,3,14.480706
0.0,2,14.491234
0.0,3,14.502717
0.0,3,14.513636
0.0,1,14.522487
1.0,9,14.546575
0.0,1,14.554395
0.0,1,14.563626
0.0,1,14.571806
0.0,3,14.582932
1.0,6,14.602914
0.0,1,14.611279
0.0,4,14.626092
0.0,3,14.639342
0.0,3,14.650872
0.0,2,14.660368
1.0,5,14.676277
0.0,4,14.688202
0.0,4,14.700829
1.0,7,14.721527
0.0,6,14.738208
0.0,1,14.74699
0.0,1,14.75566
0.0,2,14.765165
0.0,1,14.773357
1.0,4,14.785093
0.0,4,14.798302
0.0,1,14.806527
0.0,1,14.815711
1.0,4,14.830936
1.0,4,14.843749
0.0,1,14.852666
0.0,4,14.866238
0.0,1,14.874567
0.0,2,14.886512
0.0,2,14.896149
0.0,3,14.908366
1.0,4,14.922841
1.0,8,14.944599
0.0,2,14.954006
0.0,1,14.96299
0.0,2,14.973844
0.0,2,14.982902
1.0,7,15.002531
1.0,8,15.024953
0.0,1,15.033101
1.0,5,15.049783
0.0,3,15.060806
0.0,1,15.069875
0.0,1,15.078239
0.0,3,15.090532
0.0,3,15.10275
0.0,1,15.111405
0.0,2,15.122461
0.0,1,15.130981
0.0,1,15.139408
1.0,4,15.153162
1.0,5,15.169902
0.0,3,15.181969
1.0,6,15.198798
2.0,10,15.224283
0.0,3,15.236679
0.0,1,15.246071
0.0,1,15.253853
0.0,2,15.264707
0.0,1,15.272285
0.0,1,15.281556
1.0,5,15.298054
2.0,9,15.32235
0.0,4,15.33485
0.0,3,15.346369
0.0,2,15.355251
0.0,1,15.363666
0.0,1,15.371701
0.0,4,15.384458
0.0,1,15.392275
0.0,1,15.399969
0.0,1,15.408648
1.0,6,15.426074
1.0,5,15.443113
1.0,6,15.461184
1.0,7,15.480087
1.0,4,15.494192
0.0,1,15.502626
0.0,1,15.510899
0.0,1,15.518707
0.0,2,15.527993
0.0,1,15.535831
1.0,9,15.560754
2.0,9,15.584081
0.0,1,15.593282
1.0,3,15.604524
0.0,3,15.615904
0.0,2,15.624169
1.0,4,15.638127
0.0,2,15.647737
1.0,5,15.663587
2.0,9,15.68706
0.0,3,15.700242
0.0,2,15.709051
1.0,8,15.731607
0.0,2,15.741778
0.0,3,15.753995
2.0,9,15.777535
0.0,3,15.790976
0.0,5,15.805143
0.0,3,15.816915
1.0,6,15.834589
2.0,6,15.853986
0.0,3,15.866081
1.0,5,15.882935
0.0,3,15.893883
0.0,2,15.90363
0.0,4,15.917687
0.0,2,15.928838
1.0,6,15.947605
1.0,4,15.961938
2.0,9,15.98603
1.0,6,16.005105
0.0,3,16.015898
2.0,10,16.042591
0.0,2,16.05301
0.0,4,16.066819
0.0,1,16.075171
0.0,2,16.084993
0.0,3,16.098144
1.0,4,16.112565
0.0,1,16.121798
1.0,6,16.139727
2.0,9,16.162966
1.0,9,16.186601
0.0,1,16.194852
0.0,2,16.20537
1.0,4,16.22003
1.0,4,16.234599
0.0,1,16.243402
0.0,1,16.251978
0.0,3,16.264309
0.0,4,16.278544
1.0,4,16.293149
0.0,2,16.303931
0.0,3,16.31458
1.0,4,16.328969
0.0,5,16.345177
0.0,2,16.355671
0.0,2,16.366418
0.0,1,16.374689
0.0,3,16.386713
0.0,3,16.398504
0.0,1,16.4066
0.0,1,16.414411
0.0,3,16.42618
0.0,3,16.437998
0.0,1,16.445822
0.0,2,16.455646
0.0,1,16.463713
0.0,4,16.476309
0.0,7,16.495236
0.0,1,16.504488
1.0,8,16.525804
0.0,1,16.534932
0.0,1,16.543143
0.0,1,16.551689
0.0,2,16.561164
0.0,2,16.572002
0.0,5,16.588201
0.0,3,16.600804
0.0,2,16.61189
0.0,2,16.622739
1.0,4,16.636188
0.0,3,16.648644
0.0,1,16.656956
0.0,3,16.669389
1.0,3,16.680226
0.0,2,16.690213
0.0,1,16.699367
0.0,4,16.713137
0.0,1,16.721528
1.0,4,16.736827
1.0,5,16.753272
0.0,3,16.765899
0.0,1,16.77392
1.0,3,16.786503
1.0,6,16.804303
0.0,3,16.816288
1.0,5,16.833556
1.0,6,16.85152
0.0,4,16.866565
1.0,4,16.880316
0.0,1,16.888992
0.0,2,16.900338
1.0,4,16.914517
0.0,2,16.925118
0.0,5,16.940639
0.0,1,16.949595
0.0,5,16.966001
0.0,1,16.974246
0.0,2,16.984318
0.0,8,17.005231
0.0,2,17.015943
1.0,6,17.033296
0.0,5,17.047316
0.0,3,17.060612
0.0,1,17.068148
1.0,5,17.084304
0.0,1,17.093289
0.0,4,17.108814
0.0,3,17.121809
0.0,1,17.130248
0.0,6,17.145701
0.0,1,17.153977
0.0,3,17.164906
0.0,2,17.174956
2.0,8,17.195407
0.0,6,17.212549
0.0,6,17.229281
0.0,1,17.238155
0.0,5,17.254438
0.0,3,17.266425
1.0,5,17.282486
2.0,8,17.305493
0.0,1,17.31399
0.0,1,17.322779
0.0,4,17.33637
1.0,4,17.349634
0.0,2,17.359927
0.0,3,17.373163
0.0,2,17.381837
2.0,7,17.401899
0.0,2,17.410483
0.0,1,17.418767
0.0,1,17.427416
0.0,2,17.437177
0.0,3,17.449755
1.0,5,17.466681
0.0,2,17.47623
1.0,5,17.493205
0.0,3,17.505291
0.0,5,18.261871
0.0,1,18.269999
0.0,2,18.279894
0.0,2,18.290514
0.0,2,18.299645
1.0,11,18.327492
0.0,1,18.335887
0.0,5,18.352658
1.0,5,18.370057
1.0,6,18.387475
0.0,1,18.396024
1.0,6,18.415584
1.0,7,18.436572
1.0,6,18.455563
3.0,8,18.475716
0.0,2,18.485737
0.0,8,18.507142
1.0,8,18.528445
0.0,3,18.540431
0.0,3,18.552083
0.0,2,18.561782
0.0,2,18.572419
0.0,1,18.581664
0.0,3,18.593665
0.0,3,18.604761
0.0,3,18.615665
0.0,5,18.631243
2.0,7,18.651071
0.0,5,18.665456
0.0,1,18.673633
0.0,9,18.697469
0.0,1,18.705956
0.0,1,18.714854
0.0,1,18.724279
0.0,2,18.734682
0.0,1,18.742938
0.0,2,18.754204
0.0,2,18.764681
0.0,1,18.773245
0.0,1,18.782347
0.0,4,18.79475
0.0,1,18.80281
2.0,9,18.827038
0.0,2,18.836018
0.0,1,18.845142
0.0,3,18.857014
0.0,2,18.867517
0.0,8,18.887655
0.0,1,18.895259
0.0,1,18.903409
2.0,15,18.939271
0.0,3,18.949824
0.0,6,18.966285
0.0,1,18.974597
0.0,4,18.989602
0.0,6,19.006456
0.0,2,19.016346
0.0,1,19.025318
1.0,6,19.044284
1.0,4,19.057769
1.0,6,19.076164
0.0,2,19.086406
0.0,1,19.094131
1.0,8,19.115866
0.0,1,19.125098
0.0,1,19.132658
0.0,1,19.141318
0.0,3,19.15321
1.0,8,19.177055
0.0,8,19.197645
0.0,3,19.208744
0.0,3,19.220481
0.0,5,19.236738
0.0,2,19.246417
0.0,1,19.254889
1.0,7,19.272454
2.0,9,19.296982
1.0,13,19.32602
0.0,1,19.333934
0.0,3,19.345881
0.0,2,19.356391
1.0,4,19.371003
0.0,2,19.380642
0.0,1,19.389229
0.0,3,19.400772
0.0,3,19.410437
0.0,2,19.420413
1.0,4,19.435978
0.0,1,19.444602
2.0,17,19.48141
1.0,4,19.495801
0.0,7,19.515967
0.0,2,19.527041
0.0,2,19.537619
1.0,4,19.55219
0.0,3,19.563619
0.0,2,19.574172
0.0,1,19.582912
1.0,5,19.598291
0.0,2,19.607554
0.0,8,19.62757
0.0,1,19.637237
1.0,14,19.670141
0.0,5,19.68591
0.0,2,19.695275
2.0,10,19.720176
0.0,2,19.729433
0.0,1,19.737859
0.0,3,19.750148
0.0,2,19.759145
0.0,3,19.770802
1.0,5,19.785564
1.0,5,19.802393
0.0,1,19.810118
1.0,6,19.826993
2.0,7,19.844443
0.0,3,19.858283
0.0,4,19.87152
0.0,1,19.880093
0.0,3,19.892556
1.0,4,19.905802
0.0,1,19.914104
0.0,2,19.924219
0.0,2,19.933404
0.0,1,19.941913
0.0,4,19.956684
0.0,1,19.964908
1.0,4,19.978125
1.0,5,19.994478
1.0,11,20.021735
0.0,2,20.031765
0.0,2,20.042859
2.0,9,20.065517
0.0,2,20.074407
1.0,4,20.087827
1.0,5,20.103539
0.0,3,20.116224
1.0,8,20.137943
0.0,3,20.15012
0.0,1,20.158573
0.0,3,20.170396
0.0,1,20.178251
0.0,2,20.187974
0.0,2,20.198493
0.0,1,20.207747
0.0,4,20.219486
1.0,4,20.233999
0.0,1,20.24262
2.0,6,20.258823
0.0,1,20.266657
0.0,5,20.282722
0.0,2,20.292659
1.0,5,20.309208
0.0,3,20.320496
1.0,9,20.345457
0.0,2,20.35635
0.0,2,20.366127
1.0,4,20.379247
2.0,8,20.399324
0.0,1,20.408022
0.0,2,20.418019
1.0,5,20.434765
0.0,2,20.444454
1.0,7,20.462623
0.0,3,20.475038
0.0,2,20.485366
0.0,2,20.495113
0.0,1,20.503668
0.0,2,20.513262
0.0,2,20.523869
0.0,1,20.533137
2.0,6,20.55077
0.0,2,20.561751
0.0,3,20.573929
0.0,2,20.585146
1.0,10,20.611012
0.0,3,20.622667
0.0,1,20.633079
1.0,6,20.652059
1.0,4,20.666384
0.0,6,20.683156
0.0,1,20.691202
2.0,7,20.711656
0.0,1,20.720372
0.0,1,20.728735
1.0,3,20.740073
0.0,1,20.749115
0.0,6,20.76614
0.0,1,20.774564
0.0,2,20.783438
0.0,1,20.79201
0.0,2,20.800655
0.0,3,20.813579
2.0,9,20.837055
0.0,1,20.844639
0.0,2,20.85435
1.0,5,20.871165
0.0,2,20.880513
0.0,2,20.889965
0.0,1,20.89794
0.0,4,20.910124
1.0,4,20.924317
1.0,4,20.938698
0.0,1,20.946583
0.0,1,20.955511
1.0,5,20.972574
0.0,1,20.981107
0.0,1,20.989225
0.0,3,21.001955
1.0,9,21.026081
2.0,12,21.055665
0.0,1,21.063755
0.0,1,21.072703
0.0,1,21.080447
0.0,6,21.096639
0.0,3,21.108379
0.0,1,21.11745
0.0,1,21.126211
0.0,1,21.133842
0.0,1,21.141503
1.0,6,21.160324
1.0,10,21.184589
0.0,3,21.196985
1.0,6,21.215197
0.0,6,21.233621
0.0,2,21.244564
0.0,3,21.256018
0.0,2,21.266887
0.0,1,21.276339
0.0,4,21.288519
0.0,1,21.297704
0.0,2,21.307523
0.0,4,21.320528
0.0,1,21.328272
0.0,2,21.338109
1.0,5,21.355048
1.0,7,21.376521
0.0,1,21.384539
1.0,6,21.403788
0.0,1,21.412124
0.0,2,21.421723
0.0,1,21.429402
1.0,7,21.449144
0.0,4,21.462894
0.0,7,21.48257
0.0,4,21.496849
0.0,4,21.510366
0.0,7,21.527779
0.0,3,21.538211
1.0,7,21.558095
0.0,2,21.567315
0.0,1,21.574548
0.0,4,21.587156
1.0,6,21.604521
0.0,1,21.613209
1.0,7,21.6321
0.0,1,21.640551
1.0,8,21.661362
3.0,16,21.694693
0.0,3,21.70562
0.0,1,21.714473
1.0,3,21.726701
0.0,1,21.735435
1.0,6,21.75307
1.0,4,21.764627
0.0,2,21.774015
1.0,3,21.786375
1.0,6,21.804535
0.0,1,21.813763
0.0,3,21.826757
0.0,2,21.837183
0.0,3,21.849945
0.0,1,21.857999
0.0,1,21.866033
0.0,3,21.877089
0.0,2,21.886094
0.0,3,21.897695
1.0,6,21.914371
0.0,3,21.928305
0.0,1,21.936383
0.0,2,21.947322
2.0,7,21.967734
2.0,10,21.993834
0.0,1,22.001236
1.0,5,22.016883
0.0,1,22.025488
0.0,1,22.034265
0.0,2,22.044066
0.0,2,22.054733
1.0,13,22.084294
0.0,4,22.099652
0.0,2,22.109777
0.0,4,22.123897
0.0,2,22.133999
2.0,14,22.166692
0.0,3,22.17755
0.0,4,22.192335
1.0,3,22.2045
0.0,4,22.218972
0.0,3,22.230705
0.0,1,22.23911
1.0,6,22.256698
0.0,1,22.265583
0.0,2,22.276435
0.0,1,22.285974
0.0,3,22.29735
0.0,4,22.311994
0.0,2,22.320935
0.0,5,22.337495
0.0,2,22.34728
0.0,1,22.355735
1.0,5,22.371505
0.0,1,22.379178
1.0,4,22.392898
0.0,1,22.401192
0.0,1,22.408588
0.0,11,22.433953
1.0,6,22.451816
0.0,6,22.46998
0.0,2,22.480231
0.0,3,22.490573
0.0,2,22.500545
0.0,1,22.508941
2.0,10,22.535148
0.0,2,22.545234
0.0,1,22.553605
0.0,1,22.562312
0.0,3,22.573467
2.0,13,22.604657
1.0,5,22.621533
1.0,6,22.640123
0.0,4,22.654055
0.0,4,22.667918
1.0,4,22.682252
1.0,5,22.696671
0.0,2,22.706964
1.0,6,22.723841
1.0,5,22.740166
0.0,4,22.753871
2.0,7,22.771483
0.0,3,22.784307
0.0,4,22.797715
0.0,2,22.809542
0.0,1,22.817152
0.0,5,22.831303
0.0,1,22.8398
1.0,5,22.856189
0.0,3,22.867606
0.0,3,22.880395
0.0,1,22.889619
0.0,2,22.899079
1.0,5,22.915635
0.0,4,22.929525
1.0,5,22.944153
0.0,4,22.956849
0.0,3,22.969646
3.0,17,23.006235
1.0,6,23.023093
0.0,1,23.032013
0.0,1,23.040251
0.0,4,23.052397
1.0,5,23.067518
0.0,3,23.07905
0.0,1,23.087458
0.0,1,23.095609
0.0,3,23.107808
0.0,3,23.119662
0.0,1,23.128115
1.0,6,23.146965
0.0,2,23.155902
0.0,1,23.164182
2.0,8,23.185576
0.0,2,23.19662
0.0,2,23.206491
0.0,2,23.215909
1.0,4,23.229521
0.0,1,23.237859
1.0,4,23.252232
0.0,1,23.260805
0.0,3,23.273723
0.0,3,23.285528
0.0,2,23.296945
0.0,8,23.315408
2.0,7,23.33501
0.0,3,23.346205
0.0,2,23.355992
0.0,3,23.366213
1.0,10,23.392053
0.0,5,23.40731
0.0,2,23.415833
1.0,4,23.430205
0.0,1,23.437833
0.0,2,23.448867
0.0,3,23.461399
0.0,1,23.47077
0.0,3,23.482553
0.0,2,23.492337
0.0,5,23.508317
0.0,2,23.518055
2.0,8,23.539819
1.0,7,23.560793
0.0,1,23.568851
0.0,3,23.582748
0.0,3,23.5953
0.0,3,23.60859
1.0,6,23.627145
0.0,1,23.63637
2.0,10,23.661524
0.0,1,23.669792
0.0,1,23.677923
0.0,2,23.688047
1.0,6,23.706345
0.0,3,23.718643
0.0,3,23.729999
0.0,2,23.740506
1.0,4,23.755058
0.0,7,23.774939
0.0,2,23.78422
0.0,4,23.797248
0.0,3,23.80945
0.0,6,23.827791
0.0,5,23.842678
1.0,5,23.858963
0.0,1,23.86764
0.0,2,23.877164
0.0,1,23.885941
0.0,4,23.900307
0.0,4,23.914432
1.0,6,23.93195
1.0,6,23.949195
0.0,1,23.957508
0.0,5,23.972664
0.0,1,23.981669
0.0,5,23.997454
0.0,4,24.010648
0.0,1,24.018466
0.0,1,24.026646
0.0,3,24.03969
0.0,1,24.047943
0.0,6,24.064912
0.0,1,24.073213
0.0,2,24.08313
0.0,5,24.098552
0.0,4,24.113563
0.0,1,24.122373
0.0,8,24.143804
1.0,5,24.158852
0.0,1,24.167509
1.0,6,24.185025
0.0,4,24.197697
0.0,3,24.208772
0.0,2,24.218746
0.0,1,24.227399
0.0,2,24.236742
1.0,4,24.250771
0.0,3,24.261424
0.0,1,24.269598
0.0,2,24.280482
0.0,2,24.291056
0.0,2,24.300637
0.0,1,24.309467
0.0,3,24.321769
1.0,6,24.339495
0.0,1,24.347617
0.0,2,24.358298
0.0,2,24.368919
0.0,1,24.376673
0.0,4,24.391728
0.0,1,24.401034
0.0,2,24.411856
0.0,2,24.421024
0.0,4,24.435082
0.0,3,24.447325
1.0,6,24.464778
0.0,3,24.478
1.0,9,24.497865
1.0,6,24.516261
0.0,3,24.528282
0.0,6,24.546341
0.0,5,24.5611
0.0,2,24.571593
0.0,4,24.586252
2.0,10,24.610153
0.0,3,24.622424
0.0,4,24.637317
0.0,6,24.652862
1.0,4,24.66776
1.0,9,24.691076
1.0,4,24.705643
0.0,1,24.713626
0.0,2,24.724189
1.0,8,24.746532
0.0,1,24.755399
0.0,2,24.765265
0.0,7,24.78502
1.0,4,24.79971
0.0,10,24.825528
0.0,3,24.837654
0.0,3,24.849368
1.0,9,24.873124
0.0,1,24.882376
0.0,3,24.89459
0.0,2,24.903111
0.0,1,24.911852
0.0,1,24.919747
0.0,2,24.928851
0.0,3,24.939823
0.0,1,24.947953
0.0,1,24.956172
0.0,4,24.96958
2.0,8,24.991573
0.0,3,25.003451
0.0,1,25.012107
0.0,2,25.02158
0.0,4,25.035175
0.0,1,25.044545
0.0,2,25.05452
1.0,8,25.075769
0.0,2,25.08549
0.0,1,25.093338
1.0,5,25.110096
0.0,1,25.118065
0.0,2,25.127918
0.0,3,25.139718
0.0,1,25.148736
0.0,3,25.161878
1.0,4,25.177053
0.0,1,25.185845
0.0,2,25.196419
0.0,4,25.211719
0.0,2,25.221103
0.0,3,25.232572
0.0,1,25.241562
1.0,5,25.258105
0.0,4,25.271968
0.0,2,25.282211
0.0,1,25.290715
1.0,5,25.305883
1.0,4,25.320235
3.0,11,25.346122
0.0,2,25.357322
0.0,2,25.367607
0.0,2,25.378301
0.0,2,25.387689
0.0,2,25.398375
1.0,6,25.41591
0.0,5,25.431983
1.0,8,25.453097
0.0,2,25.464111
0.0,2,25.474279
1.0,4,25.489349
1.0,7,25.507761
1.0,7,25.526874
0.0,3,25.539775
0.0,2,25.549794
1.0,5,25.563546
0.0,2,25.573397
1.0,8,25.5947
0.0,3,25.606437
0.0,1,25.614634
0.0,1,25.624033
2.0,9,25.64734
0.0,1,25.656528
2.0,7,25.675571
1.0,10,25.7
0.0,6,26.455986
1.0,8,26.474712
0.0,1,26.484044
2.0,8,26.504104
0.0,1,26.512713
0.0,2,26.52191
0.0,3,26.533939
0.0,4,26.547431
0.0,2,26.557175
1.0,4,26.5711
1.0,4,26.58552
0.0,4,26.599128
2.0,7,26.618872
1.0,4,26.63345
0.0,2,26.642731
0.0,1,26.651671
0.0,3,26.663126
0.0,2,26.673503
0.0,2,26.682602
1.0,7,26.698654
0.0,3,26.712003
0.0,2,26.722592
0.0,1,26.730652
0.0,2,26.740877
0.0,2,26.751016
0.0,2,26.761015
0.0,2,26.770526
1.0,6,26.787543
0.0,3,26.798643
2.0,12,26.827807
0.0,2,26.838042
1.0,13,26.869641
2.0,8,26.888727
0.0,6,26.906597
0.0,3,26.919478
1.0,6,26.936927
2.0,9,26.961691
2.0,9,26.985762
0.0,3,26.997203
0.0,1,27.006196
2.0,11,27.032184
2.0,14,27.063608
1.0,5,27.079928
0.0,1,27.08783
0.0,1,27.095703
0.0,2,27.104612
0.0,3,27.11758
0.0,3,27.13045
2.0,13,27.160389
1.0,6,27.17851
0.0,2,27.188277
0.0,1,27.196408
0.0,2,27.206523
0.0,1,27.215167
0.0,1,27.223258
1.0,4,27.237712
0.0,7,27.257264
0.0,5,27.272804
1.0,6,27.292243
2.0,6,27.311689
0.0,1,27.319205
1.0,4,27.333091
1.0,8,27.353687
0.0,2,27.363925
0.0,4,27.377612
2.0,11,27.405408
0.0,2,27.414435
1.0,5,27.430643
0.0,1,27.439057
0.0,1,27.446724
0.0,1,27.455034
0.0,3,27.465681
0.0,1,27.473948
0.0,2,27.484117
3.0,12,27.510163
0.0,2,27.519739
0.0,2,27.530251
0.0,5,27.546186
0.0,1,27.554531
0.0,2,27.563572
0.0,3,27.575539
0.0,2,27.585779
0.0,3,27.598287
0.0,2,27.609049
0.0,1,27.616932
0.0,2,27.627241
1.0,9,27.649148
0.0,1,27.657315
1.0,10,27.679838
0.0,4,27.69346
0.0,2,27.702363
0.0,1,27.711778
0.0,3,27.723622
0.0,6,27.741001
0.0,7,27.760973
1.0,5,27.777526
2.0,12,27.804778
1.0,4,27.821185
0.0,4,27.834342
0.0,1,27.843167
0.0,2,27.853292
0.0,4,27.868404
1.0,8,27.891058
0.0,1,27.898897
1.0,11,27.926643
0.0,6,27.943388
0.0,3,27.953288
0.0,2,27.96282
0.0,3,27.973469
0.0,3,27.98474
1.0,6,28.002552
1.0,4,28.017247
2.0,7,28.036281
0.0,3,28.049065
1.0,5,28.066163
0.0,1,28.074596
1.0,8,28.096946
0.0,3,28.109349
0.0,4,28.122073
1.0,5,28.138898
1.0,7,28.157701
0.0,1,28.165902
0.0,4,28.179107
1.0,7,28.198852
1.0,4,28.212425
0.0,1,28.220703
0.0,5,28.235231
0.0,1,28.243905
0.0,3,28.256017
0.0,2,28.266306
2.0,7,28.286025
3.0,11,28.312918
0.0,4,28.328068
0.0,1,28.336698
1.0,6,28.352592
1.0,8,28.37183
0.0,6,28.389729
0.0,2,28.400002
0.0,3,28.411216
1.0,7,28.430588
0.0,1,28.438104
0.0,3,28.451271
0.0,1,28.459811
0.0,2,28.469655
1.0,6,28.488301
1.0,7,28.508054
0.0,1,28.51649
1.0,6,28.533085
0.0,1,28.540879
0.0,2,28.551372
0.0,1,28.559868
1.0,4,28.574095
0.0,1,28.582801
0.0,3,28.595747
0.0,3,28.607114
1.0,8,28.627971
0.0,1,28.636418
0.0,1,28.645814
0.0,3,28.65758
0.0,1,28.665716
0.0,3,28.676324
0.0,2,28.684926
0.0,6,28.701884
0.0,5,28.717423
0.0,3,28.730007
0.0,1,28.739482
0.0,3,28.751221
0.0,2,28.760808
2.0,9,28.783529
0.0,3,28.796581
0.0,1,28.805013
0.0,1,28.813235
0.0,2,28.822106
0.0,1,28.829862
0.0,6,28.847919
0.0,2,28.857682
2.0,7,28.874362
1.0,5,28.89124
1.0,5,28.907169
1.0,6,28.924193
0.0,3,28.937653
0.0,1,28.946327
0.0,1,28.953822
0.0,5,28.969119
0.0,5,28.983343
1.0,3,28.996054
0.0,3,29.00843
0.0,2,29.019969
0.0,2,29.029775
0.0,1,29.03944
1.0,6,29.055534
0.0,2,29.0661
1.0,3,29.078307
1.0,7,29.099398
1.0,4,29.113141
1.0,8,29.134589
0.0,1,29.143037
0.0,4,29.153978
0.0,3,29.166807
1.0,5,29.182542
2.0,8,29.204162
0.0,1,29.212548
0.0,1,29.221218
0.0,2,29.230325
1.0,3,29.243479
0.0,2,29.253056
0.0,2,29.261563
0.0,1,29.269314
0.0,2,29.279394
0.0,6,29.295862
0.0,2,29.306919
1.0,5,29.321594
2.0,10,29.34726
0.0,1,29.355465
2.0,7,29.376112
0.0,1,29.384691
0.0,3,29.396285
0.0,1,29.404586
3.0,8,29.42729
1.0,5,29.441504
0.0,3,29.455217
0.0,3,29.46888
0.0,1,29.477664
0.0,2,29.487093
0.0,3,29.500031
0.0,3,29.512631
0.0,1,29.520695
0.0,2,29.529404
0.0,2,29.539141
0.0,4,29.554376
0.0,6,29.571129
0.0,1,29.579104
0.0,2,29.589526
0.0,1,29.597348
0.0,3,29.60888
0.0,1,29.61783
0.0,1,29.62531
0.0,3,29.636583
0.0,4,29.649374
0.0,4,29.661865
0.0,2,29.671852
0.0,1,29.679133
1.0,7,29.698182
2.0,10,29.723843
1.0,4,29.737823
0.0,2,29.748708
0.0,1,29.756615
0.0,1,29.765108
0.0,1,29.773941
2.0,8,29.796981
0.0,3,29.807232
0.0,1,29.815685
0.0,2,29.825239
0.0,1,29.833765
0.0,3,29.845475
3.0,19,29.886376
0.0,3,29.897847
0.0,6,29.915142
0.0,2,29.925932
0.0,4,29.940474
3.0,12,29.967537
1.0,4,29.982328
1.0,5,29.999013
0.0,1,30.007654
2.0,8,30.028323
0.0,1,30.037456
1.0,7,30.057609
0.0,1,30.065785
0.0,3,30.076786
0.0,1,30.084965
1.0,4,30.098793
1.0,7,30.11778
1.0,7,30.135107
2.0,15,30.169888
1.0,6,30.185999
1.0,7,30.204627
0.0,1,30.212782
0.0,1,30.221747
0.0,2,30.232321
0.0,2,30.242838
1.0,5,30.25977
0.0,1,30.270885
2.0,10,30.297076
0.0,3,30.308031
0.0,2,30.318743
0.0,3,30.332084
1.0,3,30.344432
0.0,3,30.355113
0.0,1,30.365032
0.0,1,30.37338
1.0,7,30.390436
2.0,8,30.412248
1.0,4,30.426175
0.0,1,30.434731
0.0,8,30.455034
0.0,2,30.465053
0.0,2,30.475359
0.0,1,30.483757
1.0,5,30.499703
0.0,4,30.513393
0.0,3,30.525702
0.0,2,30.53705
1.0,5,30.553484
0.0,1,30.56228
0.0,5,30.577753
1.0,6,30.595916
0.0,3,30.607275
0.0,4,30.620317
0.0,2,30.628961
2.0,12,30.658685
2.0,7,30.678242
0.0,2,30.688377
0.0,2,30.698416
0.0,3,30.708706
1.0,4,30.72236
0.0,1,30.731352
1.0,5,30.746226
0.0,2,30.757068
1.0,7,30.774305
0.0,2,30.785974
0.0,1,30.793924
1.0,7,30.810878
0.0,3,30.82233
1.0,10,30.847915
1.0,7,30.866872
1.0,4,30.881509
0.0,5,30.896435
0.0,3,30.906693
0.0,3,30.917804
1.0,5,30.935685
0.0,5,30.951854
0.0,1,30.960607
0.0,1,30.969212
1.0,6,30.987561
1.0,6,31.005752
0.0,5,31.020711
2.0,7,31.041304
1.0,3,31.053897
1.0,9,31.077083
0.0,2,31.087027
0.0,4,31.101099
0.0,5,31.118061
0.0,2,31.128322
0.0,5,31.142985
0.0,3,31.154828
0.0,3,31.167856
0.0,1,31.175879
1.0,4,31.188833
0.0,2,31.198041
0.0,4,31.211307
0.0,3,31.223896
2.0,9,31.246812
0.0,7,31.264386
0.0,2,31.274497
1.0,4,31.28862
0.0,2,31.298829
0.0,1,31.307459
0.0,2,31.316625
0.0,1,31.32533
2.0,8,31.346573
0.0,3,31.3589
1.0,6,31.377363
0.0,2,31.386277
0.0,3,31.398152
0.0,2,31.408131
0.0,3,31.418774
1.0,4,31.432294
1.0,11,31.458213
0.0,2,31.468114
1.0,9,31.49013
0.0,2,31.499274
0.0,4,31.514
2.0,8,31.535778
1.0,9,31.559368
1.0,6,31.57549
1.0,8,31.596788
1.0,5,31.612558
0.0,2,31.622352
0.0,5,31.637439
1.0,9,31.660055
1.0,9,31.68463
0.0,2,31.694561
1.0,5,31.709191
0.0,3,31.721359
0.0,1,31.729566
0.0,4,31.74285
0.0,1,31.751219
0.0,8,31.768893
0.0,3,31.781999
0.0,4,31.797141
1.0,7,31.818213
3.0,13,31.848342
0.0,1,31.856899
0.0,2,31.866354
1.0,6,31.883989
0.0,3,31.896877
0.0,7,31.913646
1.0,5,31.928993
0.0,3,31.941325
0.0,1,31.950445
0.0,2,31.959848
1.0,10,31.986119
0.0,1,31.994814
2.0,7,32.01248
0.0,4,32.024984
0.0,1,32.03416
0.0,1,32.042709
1.0,6,32.061004
0.0,3,32.073321
1.0,8,32.094356
0.0,4,32.106036
0.0,3,32.116542
0.0,3,32.127703
1.0,10,32.153348
0.0,2,32.162704
0.0,8,32.183935
0.0,2,32.194393
0.0,1,32.201994
0.0,1,32.21067
0.0,3,32.223196
2.0,6,32.240846
0.0,2,32.251534
0.0,1,32.259972
0.0,3,32.272762
0.0,2,32.28302
0.0,2,32.293993
0.0,1,32.302391
0.0,5,32.317571
0.0,3,32.327763
0.0,2,32.339541
0.0,3,32.350851
0.0,6,32.368315
1.0,4,32.381753
0.0,2,32.392424
1.0,7,32.411736
1.0,4,32.425991
0.0,3,32.437496
1.0,4,32.451094
0.0,4,32.464395
0.0,1,32.472374
0.0,3,32.483866
0.0,3,32.496035
0.0,2,32.505642
0.0,3,32.517213
0.0,2,32.527363
1.0,3,32.539982
0.0,2,32.549428
1.0,4,32.563444
0.0,5,32.578501
1.0,7,32.59957
1.0,6,32.61715
1.0,5,32.633074
0.0,4,32.645387
0.0,1,32.654522
1.0,5,32.67097
0.0,6,32.688864
0.0,4,32.701334
0.0,1,32.710587
1.0,5,32.72732
0.0,1,32.736476
1.0,6,32.752751
0.0,3,32.765699
0.0,3,32.777136
0.0,5,32.791422
0.0,1,32.799764
2.0,8,32.822759
0.0,1,32.831238
0.0,2,32.84057
1.0,7,32.859131
0.0,2,32.870031
0.0,3,32.881744
0.0,4,32.894519
0.0,2,32.904589
1.0,4,32.918684
0.0,1,32.926929
0.0,3,32.937427
0.0,5,32.953209
1.0,6,32.972128
0.0,2,32.981658
1.0,5,32.997838
1.0,8,33.018417
0.0,1,33.026736
0.0,3,33.039373
1.0,3,33.051629
2.0,9,33.074699
0.0,2,33.085209
0.0,3,33.097396
0.0,4,33.110433
0.0,1,33.118014
1.0,5,33.134469
0.0,1,33.141415
0.0,6,33.158736
0.0,1,33.167591
1.0,5,33.184294
0.0,2,33.193946
1.0,3,33.204895
0.0,3,33.214746
0.0,1,33.223506
0.0,1,33.232264
1.0,4,33.246941
0.0,5,33.262674
0.0,2,33.271898
2.0,7,33.29033
1.0,6,33.305889
0.0,1,33.314011
0.0,1,33.322349
0.0,3,33.335441
2.0,8,33.357053
1.0,6,33.375033
2.0,9,33.398842
1.0,5,33.414969
1.0,4,33.429339
0.0,1,33.437985
0.0,3,33.450512
0.0,2,33.459951
0.0,1,33.468161
1.0,7,33.487553
0.0,10,33.513451
0.0,2,33.524423
0.0,3,33.53717
0.0,3,33.549836
0.0,2,33.559951
0.0,1,33.56863
0.0,1,33.577286
1.0,7,34.33677
0.0,1,34.345139
1.0,6,34.362118
0.0,3,34.373974
1.0,4,34.388879
0.0,1,34.396778
0.0,1,34.405112
2.0,12,34.433809
1.0,5,34.448958
0.0,3,34.460822
1.0,6,34.47695
0.0,2,34.487753
0.0,2,34.498288
0.0,5,34.513557
0.0,1,34.521804
0.0,7,34.541014
1.0,9,34.56368
2.0,13,34.592545
0.0,2,34.601128
1.0,4,34.615346
2.0,8,34.635848
1.0,4,34.651043
0.0,5,34.664511
1.0,17,34.700299
1.0,12,34.725135
0.0,2,34.734681
0.0,5,34.748797
2.0,10,34.771468
2.0,10,34.796797
3.0,12,34.826694
0.0,5,34.842964
1.0,5,34.859645
1.0,6,34.876526
3.0,10,34.901003
0.0,2,34.910149
0.0,2,34.919972
0.0,1,34.928216
0.0,8,34.946124
0.0,3,34.958788
1.0,5,34.975206
0.0,1,34.983477
1.0,8,35.00457
1.0,5,35.020155
0.0,2,35.029718
0.0,2,35.037945
0.0,2,35.047855
0.0,5,35.062993
0.0,2,35.072197
0.0,1,35.07989
0.0,2,35.090766
0.0,1,35.098761
1.0,4,35.114265
0.0,2,35.124272
1.0,7,35.144207
1.0,6,35.160047
1.0,5,35.175019
1.0,5,35.189178
0.0,4,35.202881
0.0,2,35.212566
2.0,7,35.231361
0.0,1,35.240347
0.0,3,35.252552
0.0,3,35.263875
1.0,6,35.281842
1.0,5,35.298265
1.0,5,35.314734
2.0,9,35.338297
0.0,3,35.35008
2.0,7,35.36954
0.0,1,35.378401
1.0,5,35.394976
1.0,7,35.416101
1.0,6,35.434158
0.0,9,35.454466
1.0,10,35.478777
0.0,4,35.492085
0.0,1,35.500354
0.0,4,35.512109
0.0,2,35.521515
1.0,4,35.536448
0.0,3,35.547751
1.0,6,35.565332
0.0,2,35.573833
1.0,4,35.58829
0.0,2,35.597247
0.0,1,35.60558
0.0,3,35.618604
1.0,5,35.634994
0.0,5,35.650147
0.0,2,35.659831
0.0,1,35.667674
0.0,2,35.676976
0.0,1,35.684587
1.0,5,35.700318
1.0,4,35.715302
2.0,9,35.739228
0.0,2,35.750004
1.0,5,35.765787
1.0,4,35.780451
0.0,2,35.791083
0.0,2,35.799786
0.0,1,35.807629
0.0,2,35.817563
1.0,6,35.834728
1.0,8,35.855528
2.0,6,35.871904
0.0,3,35.884719
0.0,2,35.893983
0.0,2,35.90329
0.0,3,35.915477
0.0,1,35.923562
0.0,3,35.93565
2.0,8,35.95725
0.0,4,35.971585
0.0,3,35.983994
0.0,1,35.99243
1.0,9,36.015376
0.0,2,36.025962
0.0,2,36.035766
1.0,6,36.053464
0.0,3,36.065997
1.0,4,36.081604
1.0,4,36.095412
2.0,9,36.118479
1.0,5,36.133241
0.0,6,36.151443
0.0,3,36.161991
1.0,7,36.182714
1.0,5,36.196917
0.0,5,36.213714
1.0,3,36.225624
0.0,3,36.237196
1.0,4,36.251532
0.0,3,36.262799
0.0,2,36.272882
3.0,17,36.307372
0.0,5,36.320582
1.0,4,36.334907
0.0,3,36.345766
0.0,2,36.355523
1.0,5,36.373142
0.0,3,36.384865
0.0,1,36.393261
1.0,9,36.414452
0.0,2,36.424074
0.0,10,36.448709
1.0,7,36.468989
0.0,3,36.482076
1.0,9,36.504811
0.0,4,36.518527
1.0,8,36.539366
3.0,14,36.572893
0.0,3,36.585077
0.0,2,36.594782
0.0,2,36.604209
0.0,1,36.61354
1.0,5,36.627259
0.0,1,36.63657
0.0,3,36.64849
0.0,1,36.6569
1.0,7,36.676038
0.0,7,36.695341
0.0,2,36.705655
0.0,1,36.714698
0.0,3,36.727189
1.0,6,36.745291
0.0,1,36.753941
1.0,4,36.768204
0.0,1,36.776895
0.0,2,36.786818
0.0,2,36.796595
0.0,3,36.8087
0.0,1,36.817669
0.0,2,36.827193
0.0,4,36.840308
1.0,5,36.85529
0.0,2,36.865229
1.0,9,36.889985
0.0,1,36.898345
1.0,6,36.915949
0.0,3,36.927265
1.0,8,36.947192
1.0,12,36.975649
0.0,1,36.98415
0.0,2,36.993494
3.0,12,37.021799
0.0,1,37.030607
1.0,6,37.049037
0.0,3,37.060436
1.0,5,37.0757
0.0,2,37.085725
0.0,1,37.094532
1.0,9,37.118017
2.0,9,37.141274
0.0,2,37.152327
1.0,4,37.166718
0.0,2,37.175762
1.0,7,37.193964
2.0,7,37.213714
1.0,5,37.229494
0.0,2,37.23802
0.0,2,37.247746
0.0,2,37.258384
0.0,2,37.267935
0.0,3,37.27923
0.0,1,37.287261
0.0,3,37.297418
1.0,4,37.31234
0.0,2,37.3206
0.0,2,37.329666
0.0,1,37.338139
0.0,2,37.347776
0.0,1,37.356804
1.0,10,37.383983
0.0,3,37.397418
1.0,9,37.421927
0.0,5,37.437089
0.0,1,37.446019
1.0,6,37.46396
0.0,4,37.477236
0.0,3,37.48859
0.0,2,37.497728
1.0,7,37.516249
0.0,3,37.527646
1.0,7,37.547233
0.0,2,37.555732
0.0,2,37.565671
0.0,2,37.57512
0.0,1,37.584244
0.0,3,37.596451
0.0,2,37.6056
1.0,4,37.619607
0.0,2,37.629447
2.0,6,37.646949
1.0,9,37.669603
1.0,6,37.68715
0.0,6,37.704391
0.0,2,37.716508
1.0,4,37.730073
2.0,7,37.750963
0.0,3,37.763465
2.0,12,37.792033
0.0,2,37.801862
0.0,1,37.810921
1.0,4,37.82418
3.0,11,37.851315
0.0,3,37.86227
0.0,7,37.881812
2.0,9,37.904864
1.0,6,37.923226
2.0,6,37.93958
1.0,4,37.954062
0.0,4,37.967888
0.0,4,37.982005
1.0,5,37.996065
0.0,2,38.005649
1.0,4,38.019721
0.0,4,38.035281
0.0,4,38.049528
1.0,4,38.064409
0.0,4,38.077115
2.0,7,38.097414
0.0,2,38.106857
0.0,1,38.115263
0.0,5,38.130727
0.0,3,38.143271
1.0,5,38.15944
0.0,3,38.17151
0.0,2,38.180848
1.0,5,38.195846
2.0,14,38.228015
0.0,1,38.236769
1.0,7,38.255451
0.0,2,38.264564
1.0,6,38.280724
0.0,2,38.290975
1.0,7,38.309659
0.0,1,38.317503
0.0,2,38.326429
2.0,10,38.353823
1.0,6,38.371766
0.0,3,38.383466
0.0,6,38.401216
1.0,4,38.415118
0.0,3,38.426481
1.0,8,38.447279
0.0,3,38.460198
1.0,4,38.474486
1.0,4,38.488712
1.0,3,38.500885
0.0,3,38.510864
1.0,9,38.534954
2.0,8,38.55712
0.0,2,38.623928
1.0,5,38.63952
1.0,4,38.654074
0.0,2,38.664645
0.0,4,38.678296
0.0,3,38.689903
0.0,2,38.698979
0.0,1,38.706986
1.0,3,38.719974
0.0,1,38.727999
0.0,2,38.738607
1.0,7,38.757966
2.0,13,38.786588
0.0,2,38.796237
0.0,1,38.804775
1.0,6,38.820811
3.0,12,38.847722
0.0,6,38.863745
2.0,10,38.887793
1.0,8,38.908984
0.0,3,38.921115
0.0,1,38.929733
4.0,20,38.972156
2.0,9,38.994931
1.0,4,39.00838
0.0,3,39.019863
0.0,3,39.032338
1.0,6,39.050287
1.0,5,39.065808
1.0,4,39.079604
0.0,2,39.08961
0.0,1,39.097089
0.0,2,39.107667
2.0,6,39.125237
0.0,2,39.135442
0.0,5,39.149196
3.0,11,39.174961
3.0,9,39.195275
1.0,3,39.207813
2.0,10,39.231196
1.0,4,39.245992
0.0,2,39.255202
0.0,2,39.265382
0.0,1,39.273417
0.0,4,39.286948
1.0,6,39.303153
0.0,2,39.31225
0.0,1,39.320543
0.0,2,39.330973
1.0,7,39.347032
0.0,3,39.356948
0.0,4,39.370134
2.0,9,39.393155
0.0,1,39.401035
1.0,4,39.414376
1.0,5,39.42856
0.0,2,39.439368
0.0,5,39.4535
2.0,8,39.473447
0.0,1,39.481062
1.0,5,39.498198
1.0,8,39.518479
1.0,4,39.533133
0.0,1,39.541266
1.0,4,39.555524
1.0,4,39.570929
0.0,1,39.579013
0.0,2,39.588509
0.0,2,39.598606
0.0,1,39.606779
1.0,4,39.621332
0.0,6,39.636477
1.0,5,39.652719
0.0,2,39.662931
0.0,2,39.673032
0.0,3,39.68344
0.0,9,39.702586
0.0,2,39.713349
0.0,1,39.722416
2.0,5,39.738302
0.0,3,39.748646
1.0,7,39.766352
0.0,2,39.7765
1.0,11,39.802626
1.0,13,39.832056
0.0,2,39.841109
1.0,7,39.861918
0.0,4,39.87552
1.0,5,39.890159
0.0,8,39.909761
0.0,3,39.92047
0.0,3,39.931902
1.0,8,39.952389
1.0,9,39.974754
0.0,3,39.986966
0.0,1,39.994742
2.0,9,40.018143
1.0,4,40.032305
0.0,2,40.042075
1.0,4,40.055863
1.0,3,40.06761
1.0,8,40.088065
0.0,6,40.103707
0.0,3,40.115265
0.0,5,40.131192
1.0,5,40.146117
0.0,1,40.154516
2.0,21,40.195284
0.0,2,40.20581
0.0,3,40.218414
2.0,10,40.242154
0.0,2,40.252539
1.0,5,40.26747
2.0,13,40.298081
0.0,1,40.306782
1.0,4,40.32123
1.0,8,40.342629
0.0,3,40.352199
0.0,5,40.366021
0.0,1,40.373765
1.0,5,40.388494
0.0,2,40.397989
1.0,6,40.415188
1.0,12,40.443199
1.0,4,40.457055
0.0,2,40.465247
0.0,1,40.473358
2.0,12,40.502218
1.0,6,40.51889
0.0,5,40.533353
1.0,7,40.551958
3.0,10,40.577447
1.0,3,40.587679
2.0,13,40.617625
0.0,2,40.628489
0.0,2,40.63895
0.0,4,40.653141
0.0,2,40.662604
0.0,5,40.677791
0.0,3,40.688973
1.0,6,40.707002
0.0,2,40.716759
0.0,3,40.728218
0.0,1,40.736382
0.0,2,40.745893
0.0,2,40.754971
0.0,2,40.764299
3.0,11,40.789435
0.0,2,40.798299
0.0,3,40.810079
1.0,9,40.832929
1.0,5,40.847806
0.0,3,40.861006
1.0,6,40.875582
0.0,1,40.884379
0.0,1,40.892489
0.0,4,40.90569
1.0,4,40.918465
0.0,1,40.927938
0.0,3,40.93965
1.0,3,40.952538
0.0,5,40.966839
1.0,6,40.984516
0.0,2,40.993788
0.0,3,41.744832
0.0,3,41.754509
0.0,2,41.765258
0.0,2,41.775677
0.0,2,41.785045
2.0,13,41.814097
0.0,1,41.822259
0.0,1,41.830742
0.0,3,41.842279
1.0,7,41.860479
1.0,6,41.876991
2.0,9,41.897873
1.0,6,41.914826
0.0,2,41.92601
1.0,6,41.944467
1.0,6,41.961573
0.0,5,41.975983
2.0,9,41.997634
0.0,2,42.006689
1.0,6,42.023675
1.0,9,42.046455
1.0,8,42.067839
0.0,3,42.078873
1.0,7,42.098764
0.0,2,42.109236
0.0,1,42.117626
0.0,2,42.127555
0.0,1,42.136257
0.0,9,42.157746
1.0,4,42.172883
1.0,7,42.192743
0.0,2,42.201344
0.0,2,42.210517
1.0,3,42.222712
0.0,1,42.231459
1.0,5,42.248688
1.0,3,42.25946
0.0,5,42.273499
1.0,8,42.294184
0.0,1,42.302328
0.0,3,42.315501
0.0,2,42.325327
2.0,9,42.349112
0.0,1,42.356957
0.0,1,42.364947
1.0,6,42.381941
1.0,6,42.397726
1.0,5,42.412913
0.0,5,42.428893
0.0,8,42.449354
2.0,10,42.472455
2.0,8,42.494511
0.0,1,42.503596
0.0,4,42.516887
0.0,3,42.528712
0.0,3,42.539264
0.0,3,42.551831
0.0,2,42.561341
1.0,6,42.579621
1.0,4,42.592862
1.0,4,42.607228
2.0,6,42.62426
0.0,1,42.632813
1.0,7,42.65052
0.0,3,42.661359
0.0,6,42.678807
0.0,1,42.688456
0.0,3,42.699643
0.0,2,42.70943
1.0,5,42.72504
1.0,5,42.741813
3.0,17,42.776391
1.0,6,42.794799
0.0,2,42.803457
3.0,11,42.831367
1.0,5,42.847229
0.0,2,42.857585
0.0,2,42.86743
0.0,1,42.876018
1.0,6,42.891648
0.0,3,42.902676
1.0,7,42.922308
1.0,6,42.938613
0.0,2,42.948299
2.0,8,42.966509
1.0,10,42.989279
0.0,1,42.997658
2.0,11,43.02505
0.0,3,43.038141
1.0,6,43.056185
2.0,8,43.07872
1.0,4,43.092959
1.0,4,43.106475
0.0,1,43.115591
2.0,12,43.144664
0.0,5,43.159646
0.0,3,43.172815
2.0,11,43.19926
1.0,11,43.225288
0.0,2,43.235226
0.0,2,43.244564
2.0,10,43.268363
1.0,7,43.286758
0.0,2,43.296123
1.0,7,43.311993
1.0,5,43.327565
2.0,12,43.355192
0.0,2,43.364548
0.0,1,43.373083
0.0,1,43.382175
2.0,15,43.41577
1.0,6,43.432949
1.0,6,43.451049
1.0,5,43.467842
3.0,17,43.505502
0.0,1,43.514184
2.0,13,43.545908
2.0,8,43.567649
3.0,12,43.593957
1.0,7,43.612268
1.0,7,43.631924
1.0,4,43.646255
0.0,6,43.664752
0.0,3,43.67695
1.0,6,43.69407
2.0,8,43.714675
2.0,8,43.737224
0.0,2,43.748124
2.0,7,43.767369
1.0,11,43.794279
0.0,3,43.805271
0.0,2,43.814425
0.0,2,43.82381
0.0,3,43.83557
2.0,12,43.862389
1.0,4,43.875968
0.0,2,43.886695
0.0,5,43.901825
0.0,1,43.910433
0.0,7,43.929613
1.0,5,43.94565
2.0,7,43.965524
0.0,1,43.97436
1.0,5,43.989913
0.0,1,43.999279
0.0,2,44.009862
0.0,3,44.022746
0.0,2,44.03303
0.0,1,44.042078
0.0,6,44.05814
0.0,3,44.069837
0.0,2,44.078254
0.0,6,44.095828
1.0,6,44.112675
2.0,7,44.131991
1.0,4,44.146269
0.0,2,44.154866
2.0,12,44.185148
0.0,2,44.195227
2.0,9,44.218525
1.0,5,44.233473
0.0,2,44.2435
3.0,9,44.267692
0.0,5,44.282253
0.0,3,44.293816
0.0,2,44.304194
0.0,2,44.31456
2.0,8,44.335286
0.0,2,44.345155
0.0,4,44.358132
0.0,3,44.369451
2.0,9,44.393249
1.0,7,44.411624
0.0,4,44.425524
0.0,3,44.438919
2.0,14,44.465411
0.0,6,44.482469
0.0,2,44.491281
3.0,15,44.526096
1.0,4,44.54081
1.0,5,44.556161
0.0,5,44.571424
2.0,10,44.595573
1.0,4,44.609914
1.0,4,44.623361
1.0,5,44.638735
1.0,5,44.653055
1.0,4,44.667441
2.0,13,44.69847
0.0,2,44.70812
0.0,5,44.724774
2.0,6,44.743714
2.0,12,44.771487
0.0,1,44.779835
0.0,4,44.79312
0.0,2,44.804316
1.0,10,44.829715
1.0,6,44.846016
0.0,5,44.860491
0.0,2,44.871185
0.0,5,44.884876
0.0,4,44.897948
1.0,8,44.920234
1.0,6,44.937459
0.0,3,44.949498
0.0,6,44.965362
1.0,8,44.987381
0.0,2,44.996707
0.0,3,45.009613
2.0,11,45.036488
1.0,6,45.054701
4.0,19,45.093366
1.0,7,45.111196
0.0,3,45.122571
0.0,3,45.133312
0.0,1,45.141123
2.0,12,45.167015
0.0,6,45.179942
2.0,9,45.201537
0.0,1,45.209556
1.0,4,45.223857
1.0,6,45.240986
2.0,11,45.26593
0.0,2,45.275996
1.0,5,45.292387
2.0,8,45.313898
0.0,2,45.324366
1.0,5,45.338799
0.0,4,45.351666
0.0,2,45.361838
1.0,5,45.377146
2.0,7,45.395042
0.0,1,45.409218
0.0,2,45.418787
2.0,10,45.442368
0.0,3,45.456123
1.0,6,45.472732
0.0,2,45.4826
0.0,4,45.497336
0.0,2,45.506635
0.0,4,45.520267
1.0,5,45.534632
0.0,3,45.544744
0.0,2,45.554771
0.0,5,45.570387
2.0,13,45.600703
1.0,6,45.619235
2.0,11,45.644885
1.0,8,45.665931
0.0,1,45.673897
2.0,9,45.697016
0.0,1,45.705184
1.0,7,45.723671
0.0,1,45.73207
0.0,3,45.743798
0.0,3,45.756101
0.0,2,45.765793
2.0,9,45.78835
0.0,2,45.798922
0.0,7,45.817787
0.0,1,45.825824
1.0,4,45.838396
0.0,3,45.849992
0.0,1,45.85826
1.0,5,45.873678
0.0,2,45.882802
3.0,22,45.925582
0.0,2,45.935295
0.0,1,45.94365
0.0,7,45.96259
1.0,6,45.979986
1.0,9,46.000758
0.0,6,46.014173
2.0,10,46.03923
1.0,5,46.054983
1.0,5,46.06991
0.0,4,46.083189
1.0,5,46.099235
2.0,7,46.118845
1.0,4,46.132967
0.0,3,46.145559
0.0,2,46.154074
0.0,4,46.167079
0.0,2,46.176373
0.0,4,46.189627
0.0,2,46.200733
0.0,1,46.209478
1.0,7,46.230112
1.0,10,46.252845
0.0,1,46.260733
2.0,7,46.2785
0.0,1,46.286725
0.0,1,46.295459
2.0,13,46.323379
0.0,2,46.332348
0.0,3,46.344951
0.0,2,46.35474
3.0,18,46.396109
0.0,3,46.407936
1.0,6,46.425464
2.0,9,46.448606
0.0,1,46.457419
1.0,3,46.468164
1.0,6,46.483577
0.0,2,46.493587
0.0,3,46.504322
0.0,4,46.517803
1.0,4,46.53294
0.0,1,46.541901
0.0,2,46.551328
1.0,7,46.570855
0.0,1,46.578668
1.0,4,46.592224
0.0,3,46.602252
2.0,7,46.619965
0.0,2,46.630583
0.0,10,46.653697
2.0,16,46.68734
0.0,3,46.699927
1.0,4,46.71415
0.0,1,46.722006
2.0,8,46.743973
0.0,3,46.753939
1.0,6,46.771255
1.0,8,46.791946
0.0,3,46.803675
1.0,4,46.818487
3.0,14,46.848556
0.0,3,46.859066
0.0,1,46.867463
0.0,3,46.879245
0.0,2,46.888558
1.0,4,46.904095
1.0,5,46.919144
0.0,5,46.934832
1.0,8,46.955687
0.0,1,46.964307
0.0,1,46.97435
1.0,4,46.986234
0.0,2,46.995419
0.0,5,47.010484
1.0,6,47.02507
1.0,10,47.050839
2.0,16,47.084852
1.0,7,47.104785
1.0,3,47.116772
0.0,3,47.129121
2.0,12,47.158617
0.0,4,47.173344
0.0,2,47.182484
2.0,9,47.204375
0.0,2,47.215114
1.0,5,47.229916
0.0,3,47.239439
0.0,2,47.249554
2.0,7,47.266437
0.0,3,47.278614
0.0,1,47.286763
0.0,2,47.29709
0.0,3,47.307265
0.0,3,47.31783
1.0,5,47.33057
1.0,4,47.343911
3.0,15,47.375902
0.0,3,47.387447
0.0,2,47.397092
1.0,11,47.423585
0.0,2,47.434041
0.0,1,47.44262
0.0,3,47.454773
0.0,2,47.46561
0.0,2,47.475819
2.0,10,47.501734
3.0,10,47.52672
0.0,1,47.534447
0.0,5,47.55001
0.0,3,47.563204
0.0,2,47.571662
2.0,13,47.601209
0.0,2,47.610947
1.0,4,47.626672
0.0,5,47.642202
0.0,6,47.657798
0.0,2,47.667633
1.0,5,47.68292
0.0,2,47.69309
0.0,2,47.704964
1.0,9,47.72565
1.0,4,47.739398
0.0,2,47.750489
0.0,1,47.758861
0.0,3,47.770104
0.0,1,47.778978
1.0,9,47.803271
0.0,3,47.815825
1.0,11,47.840019
2.0,9,47.862419
0.0,2,47.8716
1.0,4,47.886452
0.0,2,47.89612
0.0,3,47.908859
3.0,11,47.934419
0.0,7,47.95406
0.0,3,47.966362
1.0,9,47.991132
0.0,5,48.00509
1.0,6,48.765014
0.0,3,48.77738
0.0,4,48.790258
0.0,8,48.812538
0.0,2,48.822501
1.0,4,48.836865
0.0,9,48.859003
1.0,4,48.87365
0.0,3,48.885545
3.0,14,48.91869
1.0,4,48.932764
2.0,8,48.954777
1.0,5,48.97049
0.0,2,48.979935
1.0,7,48.999394
0.0,2,49.008889
2.0,8,49.030914
0.0,3,49.041559
0.0,2,49.051958
0.0,3,49.062987
0.0,3,49.075178
0.0,2,49.086887
1.0,6,49.104296
1.0,5,49.119887
0.0,4,49.132091
1.0,4,49.147053
0.0,2,49.156408
0.0,5,49.171707
1.0,11,49.196476
0.0,2,49.207181
1.0,5,49.223307
0.0,2,49.23214
1.0,13,49.257893
0.0,3,49.267916
1.0,4,49.281406
1.0,9,49.302816
1.0,6,49.319606
0.0,2,49.330295
1.0,5,49.344296
0.0,7,49.360468
0.0,5,49.376244
1.0,4,49.389766
1.0,8,49.410315
1.0,5,49.426527
2.0,10,49.449567
2.0,10,49.471677
3.0,16,49.507269
0.0,3,49.51748
0.0,3,49.529426
2.0,13,49.558214
0.0,2,49.568061
2.0,9,49.591995
0.0,2,49.601995
0.0,7,49.619707
0.0,1,49.628789
0.0,2,49.638344
0.0,6,49.654361
0.0,3,49.666476
1.0,4,49.678478
1.0,6,49.695308
1.0,4,49.709162
1.0,5,49.724763
0.0,1,49.733059
1.0,7,49.753593
1.0,8,49.773169
1.0,5,49.788563
1.0,6,49.804258
0.0,2,49.813227
0.0,2,49.822289
0.0,4,49.836971
1.0,8,49.860271
1.0,3,49.872607
1.0,8,49.893368
1.0,6,49.907371
0.0,5,49.923016
1.0,5,49.93865
1.0,10,49.963659
1.0,6,49.980977
1.0,7,49.997795
0.0,3,50.010412
0.0,1,50.018661
1.0,4,50.032632
0.0,2,50.042712
1.0,4,50.055531
0.0,1,50.064484
1.0,9,50.086451
0.0,3,50.099535
0.0,3,50.110185
1.0,4,50.123862
0.0,6,50.140479
3.0,15,50.171779
0.0,2,50.181271
1.0,6,50.198087
0.0,1,50.206416
0.0,2,50.215786
0.0,2,50.226893
0.0,2,50.237309
1.0,5,50.253614
0.0,4,50.266552
0.0,5,50.281076
0.0,13,50.311476
0.0,5,50.327646
0.0,1,50.335854
1.0,12,50.363929
1.0,8,50.385375
0.0,5,50.39831
1.0,5,50.413558
3.0,11,50.440214
0.0,2,50.449765
4.0,21,50.491076
1.0,9,50.513959
0.0,1,50.522943
1.0,9,50.546971
2.0,8,50.568422
1.0,9,50.591611
0.0,3,50.60272
0.0,1,50.611696
1.0,6,50.628489
1.0,5,50.645018
0.0,2,50.653332
1.0,6,50.671554
1.0,5,50.685755
1.0,4,50.698131
2.0,9,50.722208
1.0,4,50.735454
1.0,7,50.754953
0.0,3,50.767388
1.0,5,50.781694
1.0,8,50.80383
0.0,2,50.812968
0.0,1,50.821809
2.0,9,50.843388
0.0,2,50.853061
0.0,3,50.865963
2.0,10,50.889951
0.0,1,50.897144
0.0,3,50.909863
2.0,10,50.934211
2.0,8,50.956588
0.0,1,50.964452
0.0,1,50.972747
0.0,2,50.982836
0.0,3,50.994067
0.0,6,51.010299
3.0,13,51.03985
1.0,6,51.058494
0.0,2,51.06918
2.0,12,51.096521
0.0,2,51.105811
0.0,3,51.115514
0.0,2,51.126062
1.0,8,51.148154
0.0,1,51.156611
0.0,1,51.165565
1.0,9,51.189618
0.0,3,51.202481
1.0,11,51.230093
0.0,5,51.247399
1.0,13,51.2784
0.0,2,51.287729
1.0,5,51.303085
1.0,7,51.320255
0.0,5,51.336362
2.0,13,51.366446
0.0,3,51.378048
0.0,4,51.39088
2.0,7,51.411402
2.0,9,51.434721
1.0,6,51.453727
3.0,15,51.486497
0.0,2,51.496946
0.0,1,51.50467
0.0,3,51.516793
2.0,8,51.537298
1.0,12,51.567268
3.0,12,51.593476
0.0,1,51.601353
0.0,3,51.61298
1.0,4,51.625128
1.0,6,51.641375
1.0,6,51.658978
3.0,11,51.686059
0.0,9,51.708474
1.0,9,51.729518
0.0,2,51.739383
0.0,7,51.758304
1.0,6,51.775347
1.0,4,51.789115
1.0,4,51.803643
0.0,1,51.812519
0.0,1,51.820591
1.0,7,51.839505
3.0,19,51.879867
1.0,12,51.90819
3.0,15,51.938721
0.0,2,51.948577
1.0,6,51.96667
0.0,1,51.975283
0.0,2,51.986042
2.0,8,52.007723
2.0,7,52.027107
0.0,4,52.03994
0.0,1,52.048499
0.0,5,52.062296
2.0,8,52.083868
3.0,15,52.113731
0.0,2,52.122919
0.0,3,52.133999
2.0,9,52.156098
1.0,9,52.178476
1.0,7,52.196916
0.0,3,52.206816
1.0,8,52.226297
4.0,17,52.260302
2.0,10,52.282382
0.0,2,52.292083
0.0,2,52.301335
3.0,12,52.329817
1.0,11,52.356342
1.0,6,52.373505
0.0,1,52.381783
0.0,3,52.395214
2.0,6,52.413296
2.0,7,52.432661
1.0,5,52.44579
0.0,2,52.45422
0.0,2,52.464136
0.0,9,52.487133
3.0,18,52.524681
0.0,1,52.532615
0.0,2,52.542651
0.0,3,52.55223
2.0,10,52.576904
1.0,9,52.600585
1.0,5,52.617843
1.0,5,52.634255
1.0,7,52.649611
1.0,9,52.670168
0.0,3,52.683503
0.0,1,52.691588
0.0,3,52.703632
1.0,12,52.732696
0.0,3,52.745327
0.0,8,52.76526
0.0,2,52.775238
1.0,5,52.790565
0.0,5,52.804255
0.0,1,52.811939
1.0,5,52.824252
1.0,5,52.838832
0.0,5,52.852744
1.0,5,52.867961
1.0,7,52.886166
1.0,6,52.901161
0.0,2,52.911375
2.0,9,52.934585
0.0,3,52.946266
0.0,2,52.955519
0.0,2,52.966887
2.0,7,52.986153
2.0,9,53.006248
0.0,3,53.01764
1.0,5,53.03443
4.0,17,53.070522
0.0,4,53.081969
1.0,4,53.092735
2.0,8,53.115039
0.0,2,53.125182
3.0,10,53.151422
0.0,2,53.162117
1.0,4,53.176042
0.0,8,53.195197
0.0,11,53.219459
2.0,8,53.240599
0.0,5,53.255072
0.0,2,53.264026
3.0,13,53.294101
2.0,9,53.317702
2.0,10,53.33947
1.0,9,53.362281
4.0,20,53.401518
1.0,4,53.415201
1.0,4,53.42569
1.0,6,53.441229
0.0,5,53.455688
0.0,3,53.467451
1.0,5,53.482278
1.0,6,53.500621
1.0,5,53.516461
0.0,2,53.52689
0.0,2,53.537183
1.0,4,53.551337
0.0,2,53.560921
1.0,8,53.581671
3.0,10,53.607461
3.0,15,53.63961
0.0,2,53.649945
0.0,5,53.664822
1.0,5,53.678558
0.0,3,53.691198
0.0,1,53.700019
2.0,11,53.726576
0.0,2,53.736398
1.0,6,53.754523
2.0,9,53.777247
1.0,6,53.795979
1.0,5,53.811975
0.0,1,53.819439
3.0,10,53.844002
0.0,1,53.853265
1.0,5,53.868877
0.0,2,53.878932
1.0,6,53.896809
2.0,5,53.911828
0.0,1,53.919884
1.0,5,53.934219
1.0,8,53.952873
1.0,5,53.968673
1.0,3,53.980933
0.0,3,53.993074
0.0,1,54.001058
1.0,6,54.017026
0.0,2,54.026878
1.0,5,54.043813
1.0,5,54.059933
1.0,5,54.074368
3.0,10,54.101417
1.0,8,54.121057
0.0,2,54.130395
0.0,1,54.13813
0.0,2,54.149072
0.0,4,54.159544
0.0,3,54.169814
0.0,1,54.177334
0.0,3,54.189062
1.0,4,54.202756
0.0,2,54.213122
1.0,3,54.225821
0.0,4,54.238594
1.0,4,54.249397
2.0,8,54.26989
2.0,7,54.289712
0.0,1,54.298039
0.0,1,54.30649
0.0,3,54.318801
1.0,9,54.340852
2.0,12,54.368152
0.0,5,54.383178
0.0,3,54.393607
0.0,1,54.401547
1.0,9,54.425206
1.0,7,54.445736
1.0,10,54.471405
2.0,8,54.492541
0.0,3,54.504709
2.0,7,54.523889
1.0,9,54.546903
2.0,6,54.563067
0.0,3,54.575454
3.0,9,54.598869
1.0,10,54.624737
0.0,3,54.636611
0.0,8,54.65503
0.0,1,54.663531
1.0,10,54.6889
0.0,1,54.697006
1.0,6,54.716492
3.0,18,55.497947
0.0,1,55.506837
2.0,7,55.525658
1.0,5,55.540917
0.0,3,55.552598
0.0,4,55.567507
0.0,2,55.577062
0.0,5,55.592215
1.0,5,55.60529
1.0,6,55.622617
1.0,4,55.637514
0.0,10,55.66353
0.0,2,55.67291
0.0,5,55.685762
1.0,8,55.704529
0.0,5,55.716777
1.0,8,55.735224
1.0,4,55.750364
1.0,5,55.765177
4.0,14,55.794881
0.0,3,55.806094
1.0,4,55.819984
1.0,6,55.835626
1.0,6,55.853037
1.0,5,55.867333
3.0,19,55.903239
1.0,7,55.924333
1.0,8,55.944506
0.0,7,55.959684
3.0,14,55.991669
0.0,3,56.003612
1.0,4,56.017508
0.0,2,56.027453
1.0,5,56.043062
0.0,7,56.060555
0.0,1,56.069346
2.0,14,56.100401
1.0,9,56.123508
3.0,11,56.149936
0.0,2,56.158897
1.0,14,56.192162
0.0,4,56.20368
0.0,3,56.21446
2.0,8,56.23513
1.0,3,56.247427
3.0,9,56.268991
0.0,2,56.279669
1.0,5,56.294082
0.0,6,56.311165
0.0,3,56.322689
1.0,8,56.343175
2.0,8,56.36493
2.0,6,56.382621
1.0,6,56.400059
2.0,7,56.420685
4.0,21,56.464759
1.0,10,56.488677
0.0,1,56.496797
2.0,12,56.525886
0.0,3,56.535562
0.0,2,56.545876
1.0,6,56.564086
0.0,2,56.573597
1.0,4,56.587586
0.0,4,56.599769
1.0,9,56.622948
1.0,5,56.639951
0.0,3,56.649922
0.0,6,56.667774
0.0,3,56.680311
1.0,4,56.694485
0.0,2,56.703366
1.0,5,56.719795
0.0,2,56.72865
2.0,9,56.748911
1.0,4,56.759097
3.0,11,56.786805
0.0,1,56.794914
1.0,5,56.808165
0.0,1,56.81689
0.0,2,56.826198
1.0,4,56.839659
1.0,5,56.855852
1.0,15,56.88566
0.0,2,56.894786
1.0,9,56.91475
1.0,7,56.934199
1.0,6,56.952516
0.0,2,56.962217
0.0,2,56.972471
1.0,7,56.989758
0.0,2,56.998291
0.0,2,57.007679
0.0,2,57.016341
1.0,6,57.031307
0.0,1,57.040127
1.0,11,57.064379
2.0,12,57.090199
2.0,9,57.113075
2.0,23,57.160808
1.0,4,57.175276
3.0,14,57.20544
1.0,9,57.228775
1.0,9,57.252449
1.0,9,57.274796
3.0,10,57.296404
1.0,5,57.311799
2.0,8,57.33336
1.0,7,57.352636
2.0,12,57.379853
1.0,7,57.398677
1.0,6,57.417772
0.0,1,57.42663
1.0,5,57.442115
2.0,8,57.461911
0.0,2,57.470283
1.0,4,57.484349
0.0,3,57.496853
0.0,2,57.505893
0.0,6,57.523091
0.0,6,57.540945
0.0,3,57.550925
2.0,7,57.569906
5.0,19,57.609582
1.0,5,57.627034
1.0,5,57.642009
1.0,11,57.66856
0.0,5,57.681476
2.0,9,57.701103
2.0,10,57.725198
1.0,7,57.744911
1.0,5,57.760326
3.0,16,57.793236
3.0,19,57.833553
4.0,25,57.887277
0.0,2,57.895454
4.0,14,57.925044
3.0,16,57.960085
2.0,9,57.979341
2.0,17,58.016666
0.0,3,58.028545
1.0,4,58.042922
1.0,7,58.062893
1.0,7,58.082023
0.0,4,58.095842
1.0,6,58.113426
1.0,5,58.129162
2.0,7,58.147233
0.0,1,58.156316
1.0,3,58.168606
3.0,9,58.191639
0.0,2,58.202884
1.0,8,58.225292
1.0,4,58.235709
2.0,11,58.26171
0.0,3,58.274628
1.0,6,58.292616
2.0,15,58.324746
1.0,5,58.340428
2.0,8,58.361821
3.0,11,58.38659
1.0,6,58.405786
1.0,6,58.424677
1.0,6,58.441534
0.0,3,58.453364
0.0,3,58.464261
1.0,4,58.478026
1.0,7,58.498448
0.0,2,58.50805
0.0,3,58.517536
2.0,18,58.556066
0.0,2,58.566566
0.0,1,58.574075
2.0,12,58.600379
0.0,10,58.621747
3.0,10,58.644854
0.0,1,58.652346
0.0,3,58.663704
0.0,1,58.672431
0.0,2,58.681436
0.0,2,58.691182
0.0,6,58.704494
0.0,3,58.716335
5.0,26,58.765411
0.0,3,58.77724
1.0,4,58.791145
0.0,3,58.801874
0.0,6,58.815637
0.0,1,58.824288
1.0,7,58.841783
1.0,7,58.860185
1.0,5,58.874787
0.0,3,58.884447
0.0,3,58.896684
0.0,3,58.909082
1.0,7,58.924629
1.0,5,58.939738
0.0,1,58.948186
0.0,11,58.97227
1.0,6,58.991018
0.0,2,58.999965
1.0,10,59.022843
1.0,6,59.039617
1.0,11,59.063512
1.0,6,59.079324
0.0,1,59.086514
2.0,17,59.121643
0.0,2,59.130389
3.0,11,59.155274
1.0,9,59.175659
0.0,3,59.186476
2.0,10,59.209048
1.0,8,59.230932
0.0,2,59.241065
1.0,5,59.256405
0.0,4,59.269853
2.0,12,59.298903
0.0,10,59.32145
0.0,5,59.335021
1.0,4,59.348871
0.0,3,59.362496
1.0,7,59.38067
0.0,3,59.390357
1.0,10,59.414287
0.0,1,59.423242
1.0,5,59.4385
2.0,13,59.469271
1.0,5,59.485143
0.0,5,59.501671
1.0,7,59.52076
1.0,12,59.548251
3.0,10,59.56975
0.0,2,59.580463
1.0,10,59.600525
0.0,3,59.612772
3.0,13,59.640985
0.0,3,59.652029
0.0,3,59.661861
0.0,4,59.673715
2.0,9,59.696806
2.0,9,59.716085
1.0,8,59.73725
0.0,3,59.749053
4.0,23,59.791083
1.0,5,59.807483
5.0,36,59.87825
0.0,1,59.887126
3.0,10,59.909814
2.0,8,59.929429
1.0,5,59.945265
0.0,2,59.954228
0.0,1,59.963607
1.0,5,59.979328
0.0,2,59.988643
2.0,10,60.010827
0.0,1,60.018485
2.0,13,60.048388
0.0,3,60.060654
1.0,10,60.083815
0.0,3,60.09547
0.0,3,60.107124
0.0,3,60.118602
1.0,8,60.140018
0.0,2,60.150705
2.0,8,60.172095
3.0,9,60.194025
1.0,5,60.209154
0.0,3,60.219637
0.0,1,60.227161
1.0,6,60.243773
4.0,15,60.275421
1.0,11,60.301363
1.0,7,60.317505
0.0,1,60.325992
1.0,4,60.337762
0.0,2,60.348098
0.0,3,60.358431
1.0,5,60.37375
0.0,2,60.383047
0.0,1,60.391044
0.0,2,60.400416
4.0,12,60.425341
1.0,8,60.445288
2.0,11,60.471147
1.0,6,60.489845
2.0,14,60.522511
2.0,12,60.551472
2.0,8,60.572486
0.0,1,60.58076
0.0,3,60.591535
2.0,8,60.611948
4.0,20,60.653699
4.0,14,60.681944
5.0,17,60.715493
2.0,15,60.745903
0.0,3,60.757287
1.0,7,60.773533
0.0,7,60.789764
2.0,8,60.811526
2.0,11,60.836077
1.0,3,60.847373
2.0,11,60.873441
0.0,2,60.882764
0.0,2,60.892242
2.0,12,60.919132
1.0,7,60.939367
1.0,5,60.954566
1.0,7,60.973698
1.0,8,61.730551
1.0,8,61.752898
3.0,15,61.787141
4.0,17,61.823311
2.0,9,61.84545
1.0,5,61.860527
1.0,9,61.881035
0.0,1,61.890117
0.0,1,61.898862
2.0,11,61.9206
0.0,3,61.933167
2.0,13,61.960498
2.0,11,61.986754
2.0,9,62.009354
1.0,9,62.03224
4.0,14,62.062273
3.0,19,62.100832
0.0,3,62.112043
0.0,3,62.122371
2.0,8,62.141773
0.0,1,62.149915
1.0,5,62.164384
0.0,3,62.175755
2.0,11,62.201227
1.0,6,62.220279
1.0,4,62.234499
1.0,9,62.254648
1.0,9,62.279041
2.0,12,62.309417
0.0,3,62.320603
1.0,13,62.34339
3.0,11,62.366887
0.0,3,62.380048
1.0,12,62.405237
0.0,2,62.41485
0.0,4,62.428428
2.0,8,62.451445
3.0,15,62.479014
1.0,4,62.493589
0.0,1,62.501217
3.0,15,62.533378
1.0,6,62.551206
3.0,15,62.582158
2.0,11,62.610585
0.0,5,62.627474
0.0,3,62.639344
2.0,9,62.661221
2.0,10,62.68425
2.0,20,62.726123
3.0,16,62.758672
2.0,13,62.787732
0.0,3,62.797996
1.0,10,62.824201
0.0,3,62.835249
1.0,6,62.851417
4.0,18,62.889683
3.0,18,62.9308
1.0,5,62.945843
1.0,6,62.962091
3.0,11,62.986271
1.0,7,63.00376
3.0,12,63.030565
0.0,4,63.044714
0.0,6,63.060858
0.0,2,63.070833
1.0,6,63.089104
2.0,8,63.111223
1.0,7,63.127923
0.0,1,63.136542
0.0,3,63.146734
0.0,3,63.159065
3.0,15,63.188928
0.0,2,63.197621
3.0,12,63.223393
0.0,3,63.2335
0.0,3,63.2442
0.0,12,63.266369
1.0,6,63.281667
1.0,5,63.297776
2.0,7,63.315908
4.0,17,63.352465
2.0,9,63.376658
2.0,7,63.393783
1.0,6,63.411171
1.0,5,63.426733
0.0,8,63.446829
1.0,8,63.468214
3.0,13,63.49163
2.0,10,63.514596
2.0,7,63.534448
2.0,9,63.557066
2.0,9,63.575513
0.0,3,63.587901
1.0,5,63.601959
1.0,6,63.618485
5.0,14,63.649278
2.0,9,63.672176
1.0,8,63.693035
2.0,10,63.716868
2.0,11,63.740775
2.0,7,63.758764
2.0,9,63.782752
1.0,15,63.81506
1.0,7,63.834987
3.0,9,63.857309
1.0,5,63.872179
3.0,9,63.895113
1.0,5,63.910546
0.0,3,63.921742
0.0,4,63.933254
3.0,13,63.965167
0.0,1,63.973843
1.0,6,63.991364
3.0,12,64.017499
0.0,4,64.029136
4.0,27,64.08468
1.0,9,64.107451
2.0,7,64.12849
2.0,9,64.152049
3.0,15,64.179763
1.0,7,64.197879
0.0,3,64.210479
1.0,6,64.228903
2.0,12,64.258103
0.0,6,64.274063
2.0,11,64.297755
2.0,11,64.324674
1.0,11,64.346788
0.0,2,64.356126
2.0,10,64.380733
0.0,3,64.391528
1.0,6,64.409366
2.0,6,64.427206
0.0,5,64.442502
0.0,7,64.460862
1.0,4,64.471685
1.0,4,64.484814
1.0,4,64.499413
3.0,17,64.533883
1.0,4,64.544859
3.0,12,64.571851
3.0,12,64.596719
0.0,3,64.607003
0.0,5,64.620691
0.0,2,64.629376
0.0,3,64.641184
1.0,6,64.658445
2.0,10,64.682953
1.0,9,64.706956
0.0,6,64.723108
1.0,5,64.737308
0.0,3,64.748446
1.0,6,64.765863
0.0,1,64.773997
0.0,2,64.783658
2.0,9,64.804443
1.0,7,64.824358
4.0,17,64.860187
2.0,17,64.897321
1.0,5,64.912696
1.0,5,64.926541
2.0,14,64.956962
5.0,25,65.005857
0.0,3,65.017101
2.0,6,65.034124
2.0,6,65.048009
1.0,4,65.060666
1.0,4,65.073033
2.0,15,65.10484
2.0,7,65.124315
0.0,2,65.133202
2.0,6,65.148922
1.0,6,65.163253
1.0,6,65.176924
0.0,1,65.185754
0.0,2,65.195435
0.0,2,65.205567
3.0,14,65.235258
4.0,17,65.271276
1.0,8,65.290766
3.0,22,65.339421
0.0,4,65.350338
1.0,5,65.365658
0.0,5,65.380392
0.0,2,65.39035
2.0,18,65.42819
0.0,1,65.436236
3.0,12,65.463792
3.0,14,65.494527
0.0,3,65.506024
0.0,1,65.514254
2.0,14,65.546869
3.0,13,65.575364
1.0,20,65.613776
0.0,3,65.624455
3.0,16,65.660211
2.0,19,65.696628
1.0,5,65.711563
0.0,3,65.72246
0.0,3,65.734454
0.0,2,65.74362
1.0,8,65.763306
1.0,8,65.783632
0.0,2,65.793385
3.0,12,65.820049
0.0,3,65.83255
1.0,9,65.854059
0.0,3,65.864167
0.0,2,65.872662
2.0,15,65.902583
1.0,8,65.923481
3.0,11,65.946465
0.0,4,65.958589
2.0,13,65.987892
1.0,12,66.012738
0.0,1,66.020995
4.0,15,66.054172
0.0,4,66.066889
0.0,1,66.075661
0.0,2,66.084778
2.0,8,66.103807
1.0,7,66.122497
2.0,12,66.149596
3.0,17,66.186142
1.0,14,66.218311
0.0,3,66.228216
1.0,9,66.250358
1.0,11,66.275609
1.0,5,66.29149
0.0,3,66.301046
0.0,2,66.310498
1.0,7,66.33094
3.0,16,66.362586
1.0,17,66.39858
1.0,5,66.415166
3.0,13,66.445609
4.0,14,66.477346
1.0,8,66.497805
2.0,11,66.524743
1.0,11,66.548355
0.0,2,66.557127
1.0,5,66.57311
0.0,1,66.58149
3.0,12,66.610753
0.0,3,66.621687
0.0,2,66.630499
0.0,5,66.647026
0.0,6,66.66004
1.0,6,66.674684
2.0,8,66.692485
0.0,2,66.701387
5.0,21,66.744081
1.0,6,66.762326
0.0,1,66.770617
1.0,5,66.784458
0.0,5,66.797089
1.0,7,66.817032
0.0,8,66.836895
0.0,3,66.847899
2.0,10,67.611331
0.0,3,67.624506
1.0,5,67.639566
1.0,6,67.656028
4.0,28,67.707127
1.0,5,67.720282
2.0,7,67.741874
1.0,10,67.763256
2.0,23,67.806001
3.0,13,67.83151
4.0,21,67.870876
0.0,2,67.880998
1.0,5,67.893997
2.0,12,67.918517
1.0,6,67.935648
4.0,23,67.978525
1.0,7,67.997947
1.0,5,68.01407
1.0,13,68.040079
3.0,15,68.067989
3.0,16,68.095527
3.0,17,68.132431
0.0,2,68.141072
3.0,19,68.176659
0.0,2,68.186414
1.0,6,68.201849
1.0,5,68.217231
3.0,14,68.247045
0.0,2,68.257606
3.0,11,68.283098
1.0,8,68.303715
1.0,6,68.322141
2.0,13,68.35042
1.0,4,68.361752
0.0,3,68.374239
1.0,13,68.398515
0.0,3,68.411108
2.0,14,68.441839
0.0,2,68.451209
4.0,20,68.490122
0.0,3,68.501838
1.0,8,68.521907
1.0,12,68.546858
0.0,3,68.55726
2.0,14,68.590171
2.0,7,68.61054
5.0,24,68.654822
1.0,13,68.681622
2.0,16,68.716355
2.0,7,68.732885
5.0,22,68.774062
1.0,11,68.798057
8.0,32,68.858251
0.0,4,68.872344
0.0,2,68.880893
3.0,13,68.908638
2.0,13,68.937266
5.0,21,68.979538
2.0,12,69.007362
3.0,14,69.035747
2.0,13,69.068005
3.0,13,69.097815
0.0,1,69.105673
0.0,2,69.115071
0.0,1,69.123357
0.0,2,69.133594
0.0,2,69.143223
1.0,5,69.158154
0.0,3,69.167956
2.0,15,69.198493
1.0,4,69.211303
4.0,11,69.235169
0.0,1,69.243289
2.0,10,69.266185
4.0,23,69.307409
0.0,2,69.318014
2.0,14,69.349446
2.0,14,69.380007
2.0,13,69.408753
0.0,5,69.422775
3.0,17,69.45719
0.0,4,69.469474
1.0,11,69.491578
1.0,12,69.516054
1.0,6,69.533441
0.0,5,69.544845
1.0,6,69.563244
1.0,5,69.579719
4.0,19,69.615577
1.0,7,69.634284
2.0,8,69.653814
3.0,17,69.691231
1.0,12,69.716155
0.0,1,69.724135
0.0,3,69.734375
4.0,17,69.769253
1.0,6,69.786287
1.0,9,69.80924
2.0,15,69.84309
0.0,9,69.863732
0.0,3,69.876427
5.0,24,69.919504
4.0,17,69.955701
2.0,8,69.978097
2.0,13,70.00691
2.0,8,70.027445
1.0,5,70.042917
0.0,2,70.051716
1.0,6,70.067828
0.0,3,70.078442
4.0,15,70.111499
4.0,18,70.148159
3.0,12,70.172049
1.0,3,70.182595
3.0,12,70.210328
0.0,3,70.220656
1.0,4,70.234798
0.0,8,70.253839
0.0,6,70.270174
2.0,8,70.291647
2.0,7,70.308628
0.0,3,70.320038
2.0,14,70.352182
0.0,6,70.368392
1.0,4,70.380497
1.0,6,70.398229
0.0,5,70.412877
0.0,6,70.427653
0.0,6,70.442496
1.0,9,70.464923
0.0,2,70.474683
2.0,11,70.499185
3.0,15,70.531361
0.0,2,70.541499
0.0,4,70.553865
1.0,11,70.577973
2.0,9,70.597367
1.0,6,70.614024
1.0,11,70.639316
1.0,10,70.661022
4.0,18,70.695618
0.0,3,70.707778
1.0,5,70.724813
2.0,17,70.759324
1.0,11,70.782968
2.0,16,70.821019
1.0,9,70.844386
3.0,13,70.87294
1.0,6,70.891132
2.0,8,70.911916
3.0,10,70.9375
4.0,26,70.990514
4.0,22,71.033355
0.0,1,71.043278
0.0,5,71.056404
1.0,4,71.070858
0.0,2,71.079808
2.0,7,71.099054
1.0,6,71.11775
0.0,1,71.126372
2.0,12,71.152782
0.0,3,71.163529
1.0,9,71.182932
1.0,4,71.196603
4.0,20,71.238116
3.0,10,71.261235
2.0,13,71.290363
3.0,16,71.327023
2.0,9,71.350352
1.0,8,71.368347
2.0,16,71.40235
0.0,1,71.410427
0.0,2,71.419639
4.0,16,71.452811
0.0,3,71.462547
1.0,4,71.473881
4.0,19,71.507389
1.0,13,71.535404
4.0,13,71.56314
0.0,3,71.573361
1.0,7,71.588839
0.0,3,71.599249
3.0,20,71.635977
4.0,14,71.666839
1.0,6,71.685449
2.0,15,71.719769
1.0,6,71.737748
1.0,6,71.755344
1.0,7,71.774156
1.0,6,71.790965
2.0,18,71.827185
5.0,22,71.869599
1.0,7,71.885457
0.0,3,71.896921
1.0,7,71.914177
3.0,14,71.946716
3.0,15,71.976563
2.0,9,72.000416
2.0,8,72.021883
0.0,1,72.030442
0.0,1,72.038811
5.0,23,72.081712
0.0,3,72.092587
0.0,9,72.11297
1.0,5,72.127241
1.0,10,72.148905
2.0,11,72.175243
1.0,5,72.190258
1.0,5,72.206349
1.0,8,72.223855
0.0,2,72.232784
3.0,16,72.265711
1.0,15,72.300319
0.0,12,72.329885
0.0,4,72.342437
0.0,1,72.35107
1.0,4,72.36442
1.0,9,72.386133
3.0,16,72.420879
